"word","n"
"освіт",688
"студент",607
"наук",589
"кафедр",419
"навчанн",373
"технолог",333
"робот",321
"математик",314
"професійн",311
"університет",282
"факультет",268
"природнич",254
"педагогічн",225
"доцент",208
"викладач",200
"спеціальност",191
"освітн",185
"інформац",179
"середн",178
"україн",177
"учн",176
"імен",168
"технологі",155
"груп",153
"методик",151
"учасник",151
"практик",150
"науков",146
"інформатик",145
"професор",144
"заклад",141
"проєкт",140
"технологічн",133
"володимир",129
"державн",129
"заход",128
"команд",126
"вищ",125
"інформаційн",121
"участ",118
"винниченк",116
"доктор",113
"денис",111
"цікав",106
"курс",103
"сучасн",102
"зустріч",95
"навчальн",91
"підготовк",91
"майбутн",89
"нов",89
"досвід",88
"зокрем",88
"кропивницьк",88
"різн",88
"активн",85
"вчител",85
"прогр",85
"процес",85
"розвитк",85
"школ",85
"здобувач",82
"надан",82
"кандидат",80
"особливост",80
"цду",78
"центральноукраїнськ",78
"практичн",77
"підготув",76
"питанн",75
"робототехнік",75
"област",74
"присутн",73
"цифр",73
"діяльност",72
"конкурс",72
"систем",72
"співпрац",72
"студентськ",70
"відбул",69
"можливост",69
"тем",69
"використанн",68
"семінар",68
"академічн",67
"допомог",67
"національн",67
"українськ",67
"компютерн",66
"кіровоградськ",66
"павлюк",66
"галуз",65
"можливіст",65
"ознайомил",64
"березн",62
"керівник",62
"перш",61
"баз",59
"мет",59
"знанн",58
"отрим",58
"власн",57
"завданн",57
"молод",57
"олен",57
"програм",57
"проф",57
"тетян",57
"формуванн",57
"конференці",56
"міськ",56
"проблем",56
"проведенн",56
"квітн",55
"рівн",55
"стал",54
"діт",53
"підвищенн",53
"матеріал",52
"натал",52
"провел",52
"створенн",52
"актуальн",51
"завідувач",51
"клас",51
"дан",50
"мрі",50
"умов",50
"оксан",49
"раз",49
"виробнич",48
"відвід",48
"ліце",48
"фізик",48
"міст",47
"навичк",47
"обговоренн",47
"олександр",47
"сфер",47
"економік",46
"житт",46
"засіданн",46
"кіберполіці",46
"людмил",46
"перспектив",46
"дослідженн",45
"результат",45
"цтб",45
"випускник",44
"гендерн",44
"подальш",44
"технічн",44
"взял",43
"електронн",43
"міжнародн",43
"програмуванн",43
"спільн",43
"центр",43
"виступ",42
"декан",42
"дисциплін",42
"доповід",42
"дпедн",42
"місц",42
"підготувал",42
"форм",42
"кваліфікаці",41
"мал",41
"творч",41
"kroprobots",40
"гост",40
"задач",40
"захід",40
"меж",40
"менеджмент",40
"організаці",40
"основн",40
"відкрит",39
"забезпеченн",39
"реалізаці",39
"труд",39
"управлінн",39
"фахівц",39
"цифров",39
"відбув",38
"долучил",38
"коледж",38
"ма",38
"микол",38
"проведен",38
"робіт",38
"старш",38
"технік",38
"член",38
"важлив",37
"годин",37
"ольг",37
"спікер",37
"уваг",37
"безпек",36
"директор",36
"дистанційн",36
"модел",36
"представник",36
"садов",36
"ім",36
"комунальн",35
"метод",35
"навичок",35
"особлив",35
"розробк",35
"ірин",35
"велик",34
"вивченн",34
"етап",34
"частин",34
"вироб",33
"дня",33
"загальн",33
"засоб",33
"людин",33
"математичн",33
"мистецтв",33
"працівник",33
"трифон",33
"успішн",33
"володимирівн",32
"ден",32
"здоров",32
"напрямк",32
"програмн",32
"світ",32
"фахов",32
"департамент",31
"корисн",31
"спеціальніст",31
"інститут",31
"аналіз",30
"виступил",30
"економічн",30
"завдан",30
"застосуванн",30
"лабораторі",30
"працюв",30
"представлен",30
"презентув",30
"результ",30
"тренінг",30
"виконанн",29
"відділ",29
"доброчесност",29
"лют",29
"методист",29
"олімпіад",29
"питан",29
"платформ",29
"психологічн",29
"серг",29
"слухач",29
"абрам",28
"дизайн",28
"дмитр",28
"конференц",28
"ліц",28
"охоч",28
"пуляк",28
"розповіл",28
"студентк",28
"інноваційн",28
"війн",27
"дар",27
"досліджен",27
"жовтн",27
"занятт",27
"заступник",27
"захист",27
"змог",27
"мікроконтролер",27
"підтримк",27
"рад",27
"спілкуванн",27
"тижн",27
"якост",27
"іт",27
"доцентк",26
"жур",26
"знан",26
"лекц",26
"показ",26
"продемонструв",26
"біолог",25
"владисл",25
"друг",25
"омтрифон",25
"поділил",25
"правил",25
"присвячен",25
"розпов",25
"роман",25
"травн",25
"урок",25
"d",24
"висок",24
"ганн",24
"літн",24
"організатор",24
"позитивн",24
"прикладн",24
"протиді",24
"проходженн",24
"рол",24
"сист",24
"склад",24
"формат",24
"фізичн",24
"юл",24
"андр",23
"аспект",23
"відповід",23
"доброчесніст",23
"дякуєм",23
"діяльніст",23
"завідувачк",23
"запропонован",23
"країн",23
"легк",23
"мают",23
"мов",23
"одяг",23
"основ",23
"педагогік",23
"розвиток",23
"різноманітн",23
"середовищ",23
"стат",23
"стейкхолдер",23
"успіх",23
"інтелект",23
"вступ",22
"дефорж",22
"зан",22
"запитанн",22
"надзвичайн",22
"наступн",22
"науковопедагогічн",22
"організован",22
"план",22
"презентаці",22
"ресурс",22
"решетнік",22
"соціальн",22
"фізикоматематичн",22
"штучн",22
"stemосвіт",21
"висловил",21
"віктор",21
"губар",21
"гуртк",21
"завершенн",21
"зміст",21
"катерин",21
"компані",21
"модул",21
"обладнанн",21
"оп",21
"осн",21
"отриман",21
"прац",21
"підприємств",21
"світлан",21
"талант",21
"учител",21
"хім",21
"європейськ",21
"інтерес",21
"викладачк",20
"здобутк",20
"змаганн",20
"керівництв",20
"науковц",20
"онлайн",20
"рамк",20
"рівен",20
"рівност",20
"стан",20
"теоретичн",20
"трудов",20
"шлях",20
"істор",20
"вебінар",19
"виклик",19
"гол",19
"дат",19
"дискус",19
"ді",19
"компетентност",19
"компонент",19
"кпедн",19
"культур",19
"михайл",19
"нагод",19
"наголосил",19
"островськ",19
"оцінюванн",19
"перемог",19
"послуг",19
"презентац",19
"принцип",19
"промисловост",19
"підсумк",19
"ректор",19
"розвив",19
"ступен",19
"інструмент",19
"інтернет",19
"інформаці",19
"історі",19
"google",18
"богдан",18
"василівн",18
"вид",18
"викликал",18
"враженн",18
"всеукраїнськ",18
"долучит",18
"запропонув",18
"люд",18
"місадов",18
"над",18
"напрям",18
"необхідн",18
"переможц",18
"повязан",18
"подяк",18
"потреб",18
"предмет",18
"пропаганд",18
"простор",18
"проходил",18
"підход",18
"розвязуванн",18
"співробітник",18
"стажуванн",18
"червн",18
"школяр",18
"шкільн",18
"якісн",18
"абітурієнт",17
"бажаєм",17
"біологі",17
"виготовленн",17
"вмінн",17
"впровадженн",17
"відповідальн",17
"громадськ",17
"гурток",17
"змін",17
"керуванн",17
"колектив",17
"обмін",17
"організац",17
"переваг",17
"прав",17
"приклад",17
"професорк",17
"професійнотехнічн",17
"реальн",17
"способ",17
"трет",17
"хімічн",17
"чистяк",17
"іде",17
"інтеграці",17
"arduino",16
"var",16
"академі",16
"атмосфер",16
"боротьб",16
"валентин",16
"використовув",16
"вимог",16
"географ",16
"гімназ",16
"доповідд",16
"екскурс",16
"жвав",16
"захоплив",16
"категорі",16
"методичн",16
"миколаївн",16
"найбільш",16
"обласн",16
"ознайомленн",16
"олександрівн",16
"порад",16
"посиланн",16
"провідн",16
"російськ",16
"сайт",16
"спрямован",16
"створен",16
"щир",16
"батьк",15
"ботуз",15
"важливіст",15
"вересн",15
"вихованн",15
"допомаг",15
"дізн",15
"здібност",15
"зустріл",15
"компан",15
"магістр",15
"майстерклас",15
"мар",15
"минул",15
"моделюванн",15
"наголос",15
"назв",15
"науковометодичн",15
"обговорил",15
"ознайомит",15
"приємн",15
"регіональн",15
"розгляд",15
"слов",15
"соменк",15
"справ",15
"спільнот",15
"створюв",15
"студрад",15
"традиційн",15
"хімі",15
"onix",14
"арт",14
"виконан",14
"волонтерськ",14
"вплив",14
"відом",14
"вік",14
"глядач",14
"громад",14
"громадян",14
"досягнен",14
"доц",14
"екскурсі",14
"емоці",14
"завіт",14
"загал",14
"зацікавлен",14
"здійснюєт",14
"карєрн",14
"кнб",14
"колег",14
"кіберзлочин",14
"лекці",14
"матері",14
"мисленн",14
"навч",14
"надал",14
"наданн",14
"нпу",14
"обєкт",14
"останн",14
"пед",14
"педагог",14
"плющ",14
"под",14
"постійн",14
"привіт",14
"провод",14
"регіон",14
"робоч",14
"розповід",14
"самоврядуванн",14
"тарас",14
"торгівл",14
"учнівськ",14
"шевченк",14
"широк",14
"шкіл",14
"ін",14
"інтелектуальн",14
"upshift",13
"автор",13
"аграрн",13
"аудиторі",13
"визначен",13
"викладанн",13
"виконув",13
"виставк",13
"відкритт",13
"віртуальн",13
"гарн",13
"двсоменк",13
"додатк",13
"думк",13
"ефективн",13
"життєв",13
"загальноосвітн",13
"засад",13
"зацікавил",13
"змістовн",13
"лаборатор",13
"магістрант",13
"мироненк",13
"музе",13
"найкращ",13
"ознайом",13
"окреслил",13
"отриманн",13
"поспілкув",13
"потенціал",13
"проводит",13
"продемонструвал",13
"психологі",13
"режим",13
"рок",13
"складанн",13
"сонячн",13
"справжн",13
"ставил",13
"стандарт",13
"створит",13
"структур",13
"училищ",13
"фронт",13
"час",13
"шлянчак",13
"єс",13
"інфб",13
"skills",12
"англійськ",12
"бажанн",12
"вдал",12
"вирішенн",12
"віталіївн",12
"двер",12
"довід",12
"дослідницьк",12
"досягненн",12
"елемент",12
"зацікавленіст",12
"змішан",12
"керув",12
"кз",12
"колекц",12
"кількіст",12
"магістратур",12
"мереж",12
"модератор",12
"момент",12
"напр",12
"науковопрактичн",12
"неділ",12
"період",12
"полтавськ",12
"пошук",12
"принтер",12
"провест",12
"проректор",12
"профорієнтаційн",12
"проход",12
"підготовц",12
"руденк",12
"рішенн",12
"самостійн",12
"секці",12
"складов",12
"сприя",12
"статистик",12
"стрес",12
"суспільств",12
"тов",12
"фмпнт",12
"центральн",12
"ціл",12
"чин",12
"яременк",12
"іноземн",12
"ініціатив",12
"a",11
"анн",11
"бот",11
"валер",11
"вдосконаленн",11
"вдячніст",11
"взаємоді",11
"визнач",11
"визначенн",11
"визначил",11
"волчанськ",11
"гарант",11
"графічн",11
"детальн",11
"доповідач",11
"допомогт",11
"експерт",11
"зазначен",11
"зазначил",11
"запрошуєм",11
"збор",11
"кабінет",11
"корупці",11
"крок",11
"культурн",11
"магістерськ",11
"навчают",11
"напн",11
"нічишин",11
"обговорюв",11
"обчислювальн",11
"обєдн",11
"павл",11
"перевірк",11
"побачит",11
"положенн",11
"поставлен",11
"практиц",11
"проаналізувал",11
"пробл",11
"проводил",11
"пропозиці",11
"реальност",11
"ринк",11
"розроблен",11
"сил",11
"соцмереж",11
"спеціальн",11
"сподіваєм",11
"спортивн",11
"телефон",11
"тематик",11
"тнб",11
"фурсик",11
"філософі",11
"хмельницьк",11
"цінн",11
"євген",11
"ілліч",11
"індивідуальн",11
"авторськ",10
"альянс",10
"асоціаці",10
"бакалаврськ",10
"баранюк",10
"блок",10
"блокуванн",10
"бокатенк",10
"брал",10
"бхб",10
"бібліотек",10
"більшіст",10
"васил",10
"вибор",10
"викон",10
"виявил",10
"войналович",10
"волонтер",10
"ворож",10
"віде",10
"вікторівн",10
"годинник",10
"головн",10
"датчик",10
"декоративноужитков",10
"диплом",10
"дитяч",10
"дослідник",10
"забезпеч",10
"засновник",10
"звернул",10
"зво",10
"звязк",10
"звітн",10
"значн",10
"зібр",10
"канал",10
"контекст",10
"кругл",10
"курсов",10
"мав",10
"макс",10
"медичн",10
"миколайович",10
"михайлівн",10
"муз",10
"напрацюванн",10
"нараз",10
"нин",10
"нуш",10
"окрем",10
"олег",10
"оновленн",10
"палітр",10
"панченк",10
"плідн",10
"працю",10
"презентувал",10
"пристро",10
"пройшл",10
"професі",10
"підрозділ",10
"пізнавальн",10
"розвязанн",10
"розпоч",10
"рух",10
"світов",10
"секційн",10
"створил",10
"ткаченк",10
"туризм",10
"ум",10
"умін",10
"фінансов",10
"чудов",10
"ші",10
"юр",10
"іван",10
"інноваці",10
"історичн",10
"іі",10
"lego",9
"microbit",9
"алл",9
"анастас",9
"астрономі",9
"базов",9
"буткевич",9
"біологічн",9
"ввинниченк",9
"виготовлен",9
"виникненн",9
"виховн",9
"внутрішн",9
"відвідувач",9
"вітаєм",9
"дал",9
"демонструв",9
"дидактичн",9
"дискусі",9
"дитин",9
"запровадженн",9
"змаган",9
"значенн",9
"зробил",9
"канд",9
"колекці",9
"конфлікт",9
"критері",9
"локац",9
"ляльк",9
"майстр",9
"мобільн",9
"моніторинг",9
"народн",9
"натхненн",9
"неймовірн",9
"новітн",9
"номінац",9
"освітньонауков",9
"особист",9
"особистост",9
"пан",9
"партнер",9
"поведінк",9
"повсякденн",9
"поді",9
"посад",9
"правильн",9
"працевлаштуванн",9
"працюют",9
"представил",9
"природ",9
"причин",9
"пров",9
"професіонал",9
"підручник",9
"реалізац",9
"розглянул",9
"розглянут",9
"розкр",9
"розкрил",9
"руханк",9
"рівноденн",9
"сертифік",9
"сонц",9
"ст",9
"сілезьк",9
"терещук",9
"тип",9
"університетськ",9
"фот",9
"яскрав",9
"європ",9
"інн",9
"інформаційнокомунікаційн",9
"ііі",9
"android",8
"instagram",8
"javascript",8
"maple",8
"path",8
"prefix",8
"soft",8
"актуальніст",8
"алгоритм",8
"важливост",8
"валентинівн",8
"варт",8
"вдячн",8
"вернісаж",8
"вигляд",8
"воїн",8
"впевнен",8
"вперш",8
"вступн",8
"вчен",8
"вітал",8
"ганенк",8
"демонстрац",8
"демонстраці",8
"дозволя",8
"дослід",8
"доступн",8
"дотриманн",8
"дружн",8
"екологічн",8
"зазнач",8
"зазначит",8
"запитан",8
"запросил",8
"збереженн",8
"калькулятор",8
"кампані",8
"кваліфікац",8
"квест",8
"ключов",8
"колект",8
"компютер",8
"комісі",8
"конкурсн",8
"конструктор",8
"кулінарн",8
"кіровоградщин",8
"листопад",8
"лідер",8
"набут",8
"наведен",8
"навчальновиховн",8
"навчальнометодичн",8
"навчит",8
"найближч",8
"неб",8
"обран",8
"обєднанн",8
"овприсяжнюк",8
"олексіївн",8
"онікссистемз",8
"організаційн",8
"організув",8
"повітр",8
"показал",8
"покерув",8
"польщ",8
"понятт",8
"посібник",8
"презентован",8
"прийм",8
"природничоматематичн",8
"програмован",8
"проєктуванн",8
"психолог",8
"підвищув",8
"підсумков",8
"підхід",8
"район",8
"роботизован",8
"розпочал",8
"ряд",8
"сері",8
"ситуаці",8
"складн",8
"служб",8
"спектр",8
"спробув",8
"становленн",8
"стол",8
"сьогоденн",8
"січн",8
"творчост",8
"тематичн",8
"тепл",8
"тест",8
"тестуванн",8
"тичин",8
"удосконаленн",8
"уманськ",8
"ход",8
"черг",8
"черкаськ",8
"шкідлив",8
"і",8
"ігор",8
"інтеграц",8
"інтерактивн",8
"інформаціє",8
"httpstmeebxzhbfhxbszyi",7
"i",7
"of",7
"unity",7
"автоматизован",7
"акц",7
"астроном",7
"бажаюч",7
"безпечн",7
"весел",7
"вибір",7
"вивч",7
"виробництв",7
"власноруч",7
"відбудет",7
"відкрил",7
"відповідн",7
"вітчизнян",7
"географі",7
"географічн",7
"геометричн",7
"голов",7
"гостьов",7
"гот",7
"детальніш",7
"допомагают",7
"друк",7
"дух",7
"діан",7
"ділил",7
"дітьм",7
"експеримент",7
"журнал",7
"залишаєм",7
"залученн",7
"запобіганн",7
"запрошен",7
"заслужен",7
"захисник",7
"зворотн",7
"земл",7
"зимов",7
"змаг",7
"знамянськ",7
"зростанн",7
"зсу",7
"кандидатк",7
"кваліфікаційн",7
"комбінаторик",7
"комунікац",7
"конкретн",7
"кошт",7
"кращ",7
"кредит",7
"куратор",7
"ларис",7
"лектор",7
"марин",7
"мон",7
"набор",7
"налаштуванн",7
"населенн",7
"наслідк",7
"наталі",7
"науководослідн",7
"науковоосвітн",7
"небайдуж",7
"низк",7
"нмт",7
"новин",7
"обр",7
"окреслен",7
"ос",7
"освітньопрофесійн",7
"офіційн",7
"оцінк",7
"пар",7
"певн",7
"переробк",7
"переход",7
"перспективн",7
"першокурсник",7
"побачил",7
"побудов",7
"повинн",7
"повн",7
"погляд",7
"показник",7
"поч",7
"поширенн",7
"привітал",7
"присяжнюк",7
"приєдн",7
"продемонстрован",7
"продовжит",7
"проект",7
"пройш",7
"пропозиц",7
"простір",7
"проєктн",7
"рекомендаці",7
"ренат",7
"робототехнічн",7
"розробц",7
"ріжняк",7
"сальник",7
"свят",7
"слав",7
"собол",7
"спеціаліст",7
"спостеріг",7
"сприянн",7
"співорганізатор",7
"старшокласник",7
"статт",7
"сша",7
"текстильн",7
"тенденці",7
"тижден",7
"тканин",7
"трьох",7
"фах",7
"функці",7
"фінансовоекономічн",7
"хвил",7
"шановн",7
"яросл",7
"єдин",7
"інновац",7
"інспектор",7
"інтерєр",7
"ініціатор",7
"історіє",7
"designer",6
"hr",6
"nosql",6
"академ",6
"аксесуар",6
"алгебр",6
"аналітичн",6
"антонін",6
"атмосферн",6
"бал",6
"бесід",6
"бо",6
"брейнринг",6
"будьяк",6
"бізнес",6
"великодн",6
"веснян",6
"взят",6
"виданн",6
"використан",6
"випуск",6
"випускниц",6
"висловлюєм",6
"воєнн",6
"встановленн",6
"вчил",6
"відчут",6
"вільн",6
"вітальн",6
"гра",6
"графік",6
"громадськост",6
"денн",6
"детал",6
"дні",6
"дод",6
"дозволяют",6
"докторк",6
"документ",6
"долуч",6
"домашн",6
"доповнен",6
"дпн",6
"діалог",6
"заочн",6
"запит",6
"запрошенн",6
"захопленн",6
"звязок",6
"здобут",6
"ззсо",6
"знайомств",6
"знайт",6
"зробит",6
"зручн",6
"зібран",6
"категор",6
"київськ",6
"класн",6
"клуб",6
"код",6
"концепці",6
"корпус",6
"критичн",6
"кібербезпек",6
"ладиф",6
"лист",6
"локаці",6
"львівськ",6
"ліл",6
"майстрин",6
"машин",6
"механізм",6
"мод",6
"модельн",6
"модернізаці",6
"мяк",6
"найуспішніш",6
"написанн",6
"народ",6
"наявн",6
"неабияк",6
"невелик",6
"невідємн",6
"необхідніст",6
"номінаці",6
"нубіп",6
"обробк",6
"овволчанськ",6
"овпуляк",6
"одиниц",6
"оновлен",6
"пасічник",6
"перевірит",6
"перед",6
"перекон",6
"перехід",6
"пленарн",6
"пліч",6
"повідомленн",6
"подан",6
"подарунк",6
"поліці",6
"поточн",6
"потрібн",6
"початок",6
"поясн",6
"президент",6
"пристр",6
"проаналізув",6
"проблемн",6
"продукт",6
"проектуванн",6
"профіл",6
"підготовлен",6
"післядипломн",6
"пісн",6
"реч",6
"речовин",6
"реєстраці",6
"робит",6
"родзинк",6
"розвязк",6
"розкрит",6
"розумн",6
"розумінн",6
"рук",6
"рєзін",6
"свідом",6
"ситуац",6
"складник",6
"стил",6
"стратегі",6
"студі",6
"сухомлинськ",6
"теорі",6
"територі",6
"технологіє",6
"ткачук",6
"товариств",6
"торт",6
"трив",6
"тривал",6
"тур",6
"уад",6
"угод",6
"українец",6
"укрупненн",6
"умінн",6
"урахуванн",6
"успішност",6
"устан",6
"учен",6
"факт",6
"флор",6
"функц",6
"функціональн",6
"функціонуванн",6
"філологі",6
"характер",6
"харківськ",6
"хвильов",6
"цифровізаці",6
"цтм",6
"цікавіст",6
"шахрайств",6
"щирбул",6
"явищ",6
"якіст",6
"іванович",6
"digital",5
"ev",5
"httpstmekroprobots",5
"mriya",5
"scopus",5
"автоматизаці",5
"адрес",5
"академіє",5
"акбаш",5
"акцентув",5
"аркушин",5
"аспірант",5
"бакалавр",5
"бачит",5
"безкоштовн",5
"безпосередн",5
"берут",5
"бобр",5
"бондаренк",5
"брат",5
"будов",5
"варіант",5
"ведуч",5
"весн",5
"взаємн",5
"вибухонебезпечн",5
"використовуют",5
"вирішил",5
"впор",5
"відзначил",5
"відповідност",5
"відповідніст",5
"військов",5
"вікторович",5
"вісник",5
"віт",5
"гв",5
"гвдефорж",5
"гербар",5
"гербарн",5
"грудн",5
"гідн",5
"да",5
"декор",5
"джерел",5
"динамік",5
"дискусійн",5
"доброзичлив",5
"договор",5
"допомогл",5
"допомож",5
"допоможут",5
"досвідчен",5
"доступ",5
"дошк",5
"дснс",5
"екологі",5
"експериментальн",5
"емоц",5
"ефект",5
"задоволенн",5
"закінченн",5
"залишил",5
"запланован",5
"запрош",5
"затемнен",5
"зауважил",5
"західн",5
"здійснюв",5
"змогл",5
"зно",5
"зображенн",5
"зон",5
"зорян",5
"зрозуміл",5
"зявил",5
"календар",5
"камер",5
"карт",5
"кваліфікован",5
"класичн",5
"клочек",5
"комфортн",5
"кордон",5
"корист",5
"користувач",5
"коротк",5
"крас",5
"краснощок",5
"ктб",5
"кур",5
"куценк",5
"логістик",5
"логічн",5
"лупан",5
"майстерн",5
"маланюк",5
"маленьк",5
"мелешк",5
"мехатронік",5
"можлив",5
"наголошен",5
"наостанок",5
"наприклад",5
"насичен",5
"настановч",5
"нво",5
"необхідност",5
"номер",5
"обмежен",5
"обовязков",5
"однаков",5
"однодумц",5
"ознайомлен",5
"онлайнзустріч",5
"опановув",5
"опануванн",5
"опп",5
"орган",5
"оснащен",5
"особ",5
"отримал",5
"отримув",5
"охоплю",5
"пакет",5
"панельн",5
"перелік",5
"петрівн",5
"поверхн",5
"повідомил",5
"подібн",5
"познайомил",5
"покращенн",5
"поляг",5
"порушенн",5
"поєднанн",5
"призначенн",5
"приймальн",5
"прилад",5
"приміщенн",5
"проблематик",5
"продовж",5
"продовжуєт",5
"прост",5
"профес",5
"пто",5
"публікац",5
"пят",5
"підприємництв",5
"реалізован",5
"результативн",5
"ресур",5
"ризик",5
"рис",5
"родин",5
"розробник",5
"розширит",5
"рівнян",5
"секц",5
"селищн",5
"семестр",5
"сер",5
"серц",5
"системн",5
"склал",5
"слух",5
"спорт",5
"спосіб",5
"сприяют",5
"співробітництв",5
"ста",5
"станут",5
"стают",5
"створю",5
"студенток",5
"стійкост",5
"субнаціональн",5
"сумськ",5
"схарактеризувал",5
"таймменеджмент",5
"твфурсик",5
"точк",5
"традиц",5
"традиці",5
"тренд",5
"тренер",5
"унікальн",5
"установ",5
"уявленн",5
"файл",5
"форум",5
"фрукт",5
"характеристик",5
"хомич",5
"хоч",5
"хочет",5
"цифровізац",5
"цьогорічн",5
"цінност",5
"чергов",5
"черненк",5
"числ",5
"швейн",5
"швидш",5
"шитт",5
"юлі",5
"юнацьк",5
"ярмарок",5
"єв",5
"єгор",5
"єктс",5
"єлизавет",5
"ігр",5
"інженер",5
"інтерфейс",5
"інформатичн",5
"інформуванн",5
"ітгалуз",5
"ґрунтовн",5
"addyafdcffffdafd",4
"addycfbbbedefcdcfe",4
"addycfdbbadabcadd",4
"addyfefbdbadceb",4
"and",4
"bluetooth",4
"chatgpt",4
"couchdb",4
"education",4
"ef",4
"facebook",4
"geogebra",4
"gml",4
"kr",4
"kropbase",4
"o",4
"qa",4
"qrкод",4
"scientific",4
"sql",4
"stem",4
"telegram",4
"vknchshn",4
"web",4
"абрамов",4
"автономн",4
"адміністраці",4
"академік",4
"активніст",4
"алгебраїчн",4
"американськ",4
"анатоліївн",4
"атестаці",4
"бажан",4
"батарейк",4
"батарейок",4
"бд",4
"бит",4
"благодійн",4
"будинок",4
"булінг",4
"біографічн",4
"бірж",4
"вад",4
"ввнарадов",4
"вивчают",4
"видан",4
"вийшл",4
"виконуют",4
"вимір",4
"вимірюванн",4
"виробленн",4
"вислов",4
"вишиванк",4
"вишивк",4
"включенн",4
"влад",4
"волейбол",4
"вологост",4
"вправ",4
"впроваджуєт",4
"враз",4
"врахув",4
"врученн",4
"вручил",4
"всесвіт",4
"відведен",4
"відвідуванн",4
"відгук",4
"відеоролик",4
"відеоурок",4
"відзначенн",4
"відзначит",4
"відмінн",4
"відповідальност",4
"відповідальніст",4
"відчул",4
"візит",4
"вікторіяп",4
"вір",4
"вірш",4
"гнучк",4
"готовност",4
"грамот",4
"грамотност",4
"гри",4
"групов",4
"гуртожитк",4
"гідродинамічн",4
"давн",4
"данил",4
"двом",4
"дерев",4
"дзппто",4
"дизайнер",4
"дисбаланс",4
"дисертац",4
"дмитрович",4
"дозвол",4
"домовил",4
"дорог",4
"дослідил",4
"драйв",4
"дсхарченк",4
"діджиталізаці",4
"діяч",4
"е",4
"експертиз",4
"експертконсультант",4
"експонат",4
"елементарн",4
"емоційн",4
"енергіє",4
"жив",4
"забезпечит",4
"завершальн",4
"завершил",4
"задоволен",4
"заздалегід",4
"займ",4
"закон",4
"залиш",4
"започаткован",4
"запропонувал",4
"застосовув",4
"захищен",4
"захоплен",4
"захоплююч",4
"збірник",4
"звершен",4
"звичайн",4
"здатн",4
"здобутт",4
"здійсненн",4
"зменшенн",4
"зовнішн",4
"зразк",4
"зрозуміт",4
"зупин",4
"зусил",4
"зустр",4
"зустріт",4
"кадр",4
"карєр",4
"керівниц",4
"кирил",4
"клаптик",4
"колективн",4
"компаніє",4
"комітет",4
"кононенк",4
"конструюванн",4
"контрол",4
"контролер",4
"концептуальн",4
"координатор",4
"короленк",4
"креативн",4
"крут",4
"кульк",4
"кіберполіціє",4
"кіберфронт",4
"лабораторн",4
"логік",4
"лун",4
"лупяк",4
"людськ",4
"ляльок",4
"літератур",4
"максимум",4
"мандрівк",4
"машинн",4
"мб",4
"мелітопольськ",4
"механізован",4
"механічн",4
"мистецьк",4
"моделл",4
"мотиваці",4
"міждисциплінарн",4
"мін",4
"мінікомпютер",4
"міс",4
"місцев",4
"навчальнонауков",4
"навчаєт",4
"нагальн",4
"нагород",4
"надих",4
"надихнут",4
"нарадов",4
"насамкінец",4
"наскільк",4
"настр",4
"наявност",4
"наявніст",4
"негативн",4
"незабутн",4
"нмц",4
"норм",4
"ноутбук",4
"обирают",4
"обізнаност",4
"оголошенн",4
"одночасн",4
"олекс",4
"оригінальн",4
"орієнтув",4
"освітян",4
"освітянськ",4
"оформленн",4
"оцінил",4
"очн",4
"параметр",4
"партнерств",4
"переглянут",4
"передбач",4
"переклад",4
"переможец",4
"персональн",4
"пис",4
"планетар",4
"плануванн",4
"плануєм",4
"побажал",4
"побут",4
"повномасштабн",4
"подач",4
"подорож",4
"поділ",4
"поділит",4
"пожежн",4
"позиц",4
"познайомит",4
"покликан",4
"поколін",4
"поколінн",4
"полягал",4
"пон",4
"понеділок",4
"популяризув",4
"поспіл",4
"почал",4
"почутт",4
"пошт",4
"пояснил",4
"поїздк",4
"правов",4
"презентаціє",4
"приділен",4
"прийнят",4
"прийом",4
"приходьк",4
"проаналізован",4
"продовженн",4
"продовжил",4
"продуктивн",4
"прозор",4
"пропонув",4
"просуванн",4
"протид",4
"профільн",4
"пріоритетн",4
"публікаці",4
"підвищил",4
"підкреслил",4
"підписан",4
"підписанн",4
"підсиленн",4
"підтримув",4
"ранк",4
"реалізув",4
"реалізуют",4
"рейтинг",4
"рекламн",4
"республік",4
"реформуванн",4
"робототехніц",4
"розповіст",4
"розробил",4
"руслан",4
"рябец",4
"річн",4
"рішен",4
"святкуванн",4
"світогляд",4
"сервіс",4
"сергійович",4
"сергіївн",4
"сильн",4
"складал",4
"слід",4
"спамбот",4
"спеціалізаці",4
"сподіваєт",4
"спостереженн",4
"спри",4
"сприял",4
"сприят",4
"спрямуванн",4
"співпрацю",4
"спілкув",4
"ставит",4
"ставленн",4
"стандартн",4
"станц",4
"статистичн",4
"створюют",4
"стереотип",4
"стипенд",4
"столітт",4
"сторін",4
"сторінк",4
"структурн",4
"стрілк",4
"стін",4
"субд",4
"сузір",4
"сум",4
"супровод",4
"сурін",4
"суспільн",4
"сховищ",4
"схож",4
"сільськ",4
"сірябец",4
"таблиц",4
"талановит",4
"творчіст",4
"телегр",4
"температур",4
"теор",4
"термін",4
"тестов",4
"трансформац",4
"трифонов",4
"тришаров",4
"тісн",4
"увійшл",4
"увімкнут",4
"упровадженн",4
"усвідомленн",4
"фаун",4
"фестивал",4
"фонд",4
"функціон",4
"фурсиков",4
"філософ",4
"фінальн",4
"фінанс",4
"харченк",4
"харчов",4
"художн",4
"художник",4
"царенк",4
"цикл",4
"цікавит",4
"чек",4
"чистяков",4
"членкин",4
"чітк",4
"шах",4
"юліанськ",4
"юн",4
"юридичн",4
"якот",4
"ярмарк",4
"єдност",4
"іванівн",4
"ід",4
"інвалідніст",4
"інтегративн",4
"інтеракт",4
"інформативн",4
"історик",4
"іткомпані",4
"іттехнолог",4
"aurdino",3
"day",3
"desmos",3
"drive",3
"fimi",3
"in",3
"itкомпані",3
"iv",3
"maqueen",3
"meet",3
"mindstorms",3
"neoj",3
"onixsystems",3
"riak",3
"softskills",3
"stemтехнологі",3
"wifi",3
"wos",3
"агенц",3
"адаптац",3
"адміністрац",3
"акаунт",3
"акці",3
"аматор",3
"амплічк",3
"аналогічн",3
"аналізув",3
"аналізувал",3
"аналітик",3
"анатолійович",3
"андрійович",3
"археологічн",3
"асоціац",3
"атестац",3
"атрибут",3
"баланс",3
"баченн",3
"безмежн",3
"бенджамін",3
"бердянськ",3
"берегуленк",3
"близьк",3
"богданівськ",3
"бровченк",3
"будинк",3
"будівельн",3
"бюджет",3
"біженц",3
"біл",3
"біоресурс",3
"васильович",3
"вебдодатк",3
"веброзробк",3
"вебсторінк",3
"величезн",3
"величк",3
"вибірков",3
"виготовил",3
"виклад",3
"викладачок",3
"використовуюч",3
"виник",3
"випал",3
"випускнице",3
"вирощуванн",3
"висвітл",3
"висвітлен",3
"висловлен",3
"висловлюют",3
"висновок",3
"висот",3
"виход",3
"вияв",3
"виявленн",3
"включаюч",3
"влаштув",3
"ворог",3
"восен",3
"впливают",3
"впо",3
"вражен",3
"вразил",3
"враховув",3
"враховуюч",3
"встановлен",3
"вул",3
"вход",3
"вчасн",3
"вчит",3
"вячеславович",3
"відбуваєт",3
"відбірков",3
"відеоматеріал",3
"відзнач",3
"відзначен",3
"відмінност",3
"відмітил",3
"відносин",3
"відображ",3
"відповідают",3
"відпочинк",3
"відраз",3
"відчутт",3
"віков",3
"віталійович",3
"гайворонськ",3
"глибок",3
"глобальн",3
"говорил",3
"готов",3
"готовніст",3
"готув",3
"гравц",3
"грамотн",3
"гривен",3
"григорович",3
"григоріанськ",3
"громадянськ",3
"гру",3
"гссковород",3
"губенк",3
"гуманітарн",3
"дав",3
"двигун",3
"двнз",3
"двіч",3
"дезінформаці",3
"демяненк",3
"держав",3
"держстандарт",3
"дерман",3
"десерт",3
"дзво",3
"диктант",3
"дисертаційн",3
"довкілл",3
"довол",3
"довідник",3
"додатков",3
"докладн",3
"докт",3
"домеханічн",3
"донбаськ",3
"донецьк",3
"доросл",3
"дорівню",3
"дослідит",3
"душ",3
"діагностичн",3
"дійств",3
"ділит",3
"едуард",3
"ек",3
"екватор",3
"екзамен",3
"електричн",3
"електронік",3
"естетичн",3
"етичн",3
"ефективніст",3
"жал",3
"жан",3
"забезпечуют",3
"заверш",3
"загадк",3
"загроз",3
"задав",3
"задзеркалл",3
"займают",3
"займаєт",3
"законодавств",3
"закріпленн",3
"зал",3
"залишк",3
"залучен",3
"залучит",3
"занурил",3
"занурит",3
"заохоченн",3
"заощадженн",3
"запис",3
"запорук",3
"запровадит",3
"запрошув",3
"зареєструв",3
"зарубін",3
"засвоєнн",3
"заслух",3
"заступниц",3
"засіб",3
"заходит",3
"зацікавленн",3
"заяв",3
"зберігают",3
"звернув",3
"згод",3
"згідн",3
"здобувачк",3
"здобувают",3
"здійснил",3
"здійсню",3
"здійснюют",3
"зможут",3
"зміг",3
"знайомит",3
"знаходит",3
"знают",3
"зодіакальн",3
"зпоміж",3
"зупинил",3
"канікул",3
"капітан",3
"карин",3
"квадрокоптер",3
"кейс",3
"ки",3
"клаптиков",3
"ключник",3
"клієнт",3
"ковальчук",3
"кол",3
"кольор",3
"командн",3
"комбінуванн",3
"компетентн",3
"компетентніст",3
"комплекс",3
"комунікаці",3
"консультант",3
"контентн",3
"копі",3
"корик",3
"користуванн",3
"космічн",3
"креативніст",3
"крилат",3
"кущівськ",3
"кількост",3
"кімнат",3
"лаборант",3
"лабораторіє",3
"лав",3
"лауреат",3
"левицьк",3
"локальн",3
"ломж",3
"ломонос",3
"луганськ",3
"ліг",3
"ліщіменк",3
"майданчик",3
"майстерност",3
"майстерніст",3
"ман",3
"марсел",3
"маслян",3
"матеріалознавств",3
"матимут",3
"мед",3
"мельник",3
"методологічн",3
"механік",3
"мобільност",3
"мовн",3
"молодш",3
"молодіжн",3
"моральн",3
"мотив",3
"музичн",3
"мфб",3
"міжшкільн",3
"мінн",3
"міністерств",3
"містил",3
"міф",3
"набув",3
"набутт",3
"набір",3
"навел",3
"навколишн",3
"навчаєм",3
"навчил",3
"нагад",3
"надсил",3
"надісл",3
"називаєт",3
"найцікавіш",3
"наказ",3
"належн",3
"належност",3
"напис",3
"народженн",3
"насамперед",3
"наснаг",3
"наст",3
"настанн",3
"наталіє",3
"науководослідницьк",3
"начальник",3
"нвмироненк",3
"небесн",3
"незалежн",3
"неочікуван",3
"неповторн",3
"непрост",3
"нерівност",3
"нетерпінн",3
"неформальн",3
"нм",3
"новоукраїнськ",3
"носі",3
"ніколаєнк",3
"німеччин",3
"обговор",3
"обертанн",3
"обовязк",3
"образ",3
"обсяг",3
"обчислен",3
"обчисленн",3
"обчислювач",3
"обізнан",3
"оголошен",3
"одеськ",3
"олександрійськ",3
"олексійович",3
"омельченк",3
"онікс",3
"оператор",3
"опитуванн",3
"опублікован",3
"оргкомітет",3
"освоєнн",3
"осередк",3
"особистісн",3
"осіб",3
"офбаранюк",3
"офіс",3
"охарактеризувал",3
"оцінюв",3
"оч",3
"очол",3
"очолю",3
"павук",3
"палітраталантівцд",3
"памят",3
"панел",3
"панувал",3
"парк",3
"перебув",3
"переведенн",3
"передбачал",3
"передбачен",3
"передвищ",3
"переживанн",3
"перейшл",3
"перемогл",3
"переміщенн",3
"персонал",3
"першост",3
"плагіат",3
"плануєт",3
"плат",3
"пнб",3
"побаж",3
"побажанн",3
"повоєнн",3
"поглибленн",3
"подвійн",3
"подопригор",3
"позакласн",3
"позашкільн",3
"позмаг",3
"пол",3
"половин",3
"помічник",3
"попруг",3
"популяризац",3
"порівняльн",3
"поставил",3
"поставит",3
"постанов",3
"потрапит",3
"потребуют",3
"початк",3
"початков",3
"почув",3
"поширен",3
"поєдн",3
"правлінн",3
"прат",3
"предметн",3
"представл",3
"представлял",3
"презентаційн",3
"пригад",3
"пригод",3
"приготуванн",3
"приз",3
"принесл",3
"природн",3
"природокористуванн",3
"прихован",3
"програміст",3
"пройт",3
"пропедевтичн",3
"пропон",3
"процедур",3
"процесор",3
"психологопедагогічн",3
"психосоціальн",3
"публічн",3
"пузік",3
"південн",3
"підвел",3
"підвищит",3
"підсистем",3
"підтрим",3
"пізн",3
"радіст",3
"реаг",3
"реал",3
"реалі",3
"реалізовув",3
"реб",3
"регулярн",3
"резін",3
"реформ",3
"реєстрац",3
"робоплатформ",3
"роборук",3
"роботпавук",3
"робітник",3
"розваг",3
"розвяз",3
"розвязув",3
"розглядают",3
"розгорнут",3
"розгортанн",3
"роздрукован",3
"розкритт",3
"розміщен",3
"розміщув",3
"розподілен",3
"розрахунк",3
"розум",3
"розуміт",3
"розширюют",3
"розібр",3
"рослин",3
"рослинн",3
"рябченк",3
"рівнянн",3
"рідн",3
"різьбленн",3
"річниц",3
"саввичн",3
"савенк",3
"сад",3
"самоосвіт",3
"самооцінк",3
"сатир",3
"свобод",3
"свідомост",3
"світл",3
"світлов",3
"секретар",3
"селян",3
"сенсор",3
"сертифікат",3
"систематичн",3
"скло",3
"скмельничук",3
"скц",3
"слів",3
"смачн",3
"сніжан",3
"соборност",3
"солодк",3
"соціальноекономічн",3
"специфік",3
"спеціалізаціє",3
"спроб",3
"співпрацюют",3
"співтовариств",3
"спікерк",3
"станісл",3
"старост",3
"статус",3
"сторон",3
"стратег",3
"стратегічн",3
"стрімк",3
"стіл",3
"сусідн",3
"сутніст",3
"суттєв",3
"сучасност",3
"сформован",3
"сформованост",3
"схарактеризув",3
"схвальн",3
"схем",3
"сцен",3
"сім",3
"сірик",3
"тагір",3
"тварин",3
"текст",3
"текстов",3
"телеграмканал",3
"телекомунікац",3
"територіальн",3
"тех",3
"тимкович",3
"тривог",3
"трим",3
"турб",3
"туристичн",3
"тіл",3
"узагальненн",3
"узгодит",3
"українц",3
"унікальніст",3
"ухвалил",3
"фактор",3
"флешмоб",3
"фоменк",3
"форостовськ",3
"франк",3
"франклін",3
"франц",3
"франці",3
"філологічн",3
"фінансуванн",3
"харчуванн",3
"хештег",3
"хот",3
"хотіл",3
"хріненк",3
"хіх",3
"цтбс",3
"цілісн",3
"часов",3
"чекаєм",3
"чемпіонат",3
"четверокурсник",3
"четверт",3
"чинник",3
"чит",3
"чуттєв",3
"шар",3
"шашок",3
"шершен",3
"шифруванн",3
"шук",3
"щодн",3
"юв",3
"ювгуртов",3
"юнісеф",3
"явлевицьк",3
"ян",3
"євгенівн",3
"єднанн",3
"ізюмченк",3
"індекс",3
"інклюзивн",3
"інструкціє",3
"інтенсифікац",3
"інтер",3
"academy",2
"akademia",2
"allvideos",2
"androidдодатк",2
"apple",2
"cassandra",2
"chrome",2
"cloud",2
"cm",2
"cuspunotfound",2
"cusu",2
"cusucode",2
"cusukroped",2
"cusulolcode",2
"developer",2
"development",2
"document",2
"email",2
"european",2
"fashion",2
"flutter",2
"fmnstcsp",2
"frontend",2
"group",2
"hbase",2
"here",2
"httpsmriyasocial",2
"httpstmestopdrugsbot",2
"httpswwwinstagramcomkroprobots",2
"huawei",2
"huskylens",2
"iii",2
"iiii",2
"issn",2
"java",2
"joomlaworks",2
"js",2
"kpu",2
"krop",2
"lcd",2
"lviv",2
"math",2
"micromaqueen",2
"ml",2
"mobile",2
"mongodb",2
"monkeys",2
"native",2
"nt",2
"open",2
"openspace",2
"photo",2
"php",2
"plugin",2
"plus",2
"python",2
"qatestlab",2
"react",2
"reactreact",2
"redis",2
"robots",2
"rshtnkv",2
"ruby",2
"salesforce",2
"science",2
"sciense",2
"scratch",2
"shopify",2
"sites",2
"starts",2
"stemпроєкт",2
"stemсередовищ",2
"stemтехнолог",2
"stemшкол",2
"stopdrugsbot",2
"stoprussiachannel",2
"subgend",2
"systems",2
"the",2
"v",2
"vue",2
"with",2
"wordpresswebflow",2
"year",2
"śląska",2
"αртем",2
"βасил",2
"адаптаці",2
"адаптивн",2
"адекватн",2
"адміністратор",2
"азі",2
"активізаці",2
"актуалізуєт",2
"акцентован",2
"албот",2
"алексеєвец",2
"алєксеєвец",2
"америк",2
"аналог",2
"аналогов",2
"андрощук",2
"апаратн",2
"апаратнообчислювальн",2
"апробован",2
"апробув",2
"арттерапевтичн",2
"архівн",2
"архітектур",2
"аспірантк",2
"аспірантур",2
"астрономічн",2
"астрофізик",2
"ауд",2
"аудитор",2
"аутсорсингов",2
"баб",2
"багаторічн",2
"багатосторон",2
"бажают",2
"байдуж",2
"бакалаврат",2
"банк",2
"батьківзасновник",2
"безоплатн",2
"безпекознавств",2
"безперервн",2
"безперечн",2
"безумовн",2
"благ",2
"бог",2
"бойчук",2
"борисівн",2
"ботанічн",2
"ботузов",2
"браузер",2
"бренд",2
"британ",2
"будівництв",2
"бурдун",2
"бі",2
"бібліотец",2
"біобібліографічн",2
"біографі",2
"біржов",2
"вагом",2
"валеріївн",2
"вапанченк",2
"вв",2
"ввечер",2
"ввнародов",2
"вдосконалюв",2
"вебсайт",2
"веденн",2
"верстат",2
"верховн",2
"вершин",2
"взагал",2
"взаємод",2
"вибр",2
"вибірк",2
"вивчен",2
"вивчил",2
"вигр",2
"видавнич",2
"видатн",2
"видов",2
"визнан",2
"визначит",2
"викид",2
"викл",2
"викладен",2
"виконал",2
"використов",2
"використовувал",2
"використовуєт",2
"викуп",2
"викупил",2
"вимушен",2
"виникают",2
"випадк",2
"випробув",2
"виражен",2
"вирізнял",2
"вирішен",2
"висвітленн",2
"висвітлил",2
"виставкимузе",2
"виставок",2
"виступит",2
"виток",2
"вихованц",2
"вихідн",2
"вишукан",2
"виявлял",2
"вказал",2
"включ",2
"вкотр",2
"вкра",2
"вкінц",2
"владислав",2
"власност",2
"властивост",2
"вмотивованіст",2
"вмін",2
"вміст",2
"внесок",2
"вогн",2
"водночас",2
"вознесенськ",2
"вокальн",2
"володимирович",2
"володіт",2
"волонтерств",2
"волошк",2
"вранц",2
"вруч",2
"всебічн",2
"всмктрейд",2
"втрат",2
"втратил",2
"втілен",2
"втілюв",2
"втілюют",2
"входит",2
"вчительметодист",2
"вчительськ",2
"вшанув",2
"вячеславівн",2
"відбувал",2
"відбудут",2
"відвідув",2
"відвідуют",2
"відд",2
"віддален",2
"відділенн",2
"відкрив",2
"відкриваєт",2
"відкритост",2
"відлік",2
"відновленн",2
"відомост",2
"відповідал",2
"відповідаюч",2
"відповіл",2
"відправляют",2
"відпрацюв",2
"відчувал",2
"візуалізаці",2
"вікторин",2
"вікторі",2
"вільненськ",2
"вінницьк",2
"вірим",2
"віцепрезидентк",2
"газ",2
"гайдамацьк",2
"гал",2
"гамбіт",2
"гарантк",2
"гаряч",2
"гасл",2
"гацелюк",2
"генераці",2
"геннадіївн",2
"геометрі",2
"геро",2
"героїчн",2
"гкб",2
"говорит",2
"годованец",2
"головк",2
"голубец",2
"горнятк",2
"горобец",2
"господарств",2
"гостинн",2
"гостинніст",2
"готуют",2
"грамотніст",2
"граничн",2
"грант",2
"грек",2
"григор",2
"гриневич",2
"грош",2
"гімназі",2
"гірник",2
"гірнич",2
"далек",2
"девелоперськ",2
"декоративн",2
"делегац",2
"демонстр",2
"джо",2
"дз",2
"дидактик",2
"дизайнерк",2
"динамічн",2
"дипл",2
"директорк",2
"дискримінаці",2
"дискутув",2
"дитинств",2
"днз",2
"днів",2
"дніпропетровськ",2
"доб",2
"добр",2
"довгостроков",2
"довш",2
"довідок",2
"дозволил",2
"дозволит",2
"дозвілл",2
"докл",2
"документообіг",2
"документоорієнтован",2
"долорес",2
"дом",2
"донец",2
"доповнюют",2
"доповідачк",2
"допомоз",2
"досліджуван",2
"дослідн",2
"досягл",2
"дотримув",2
"доход",2
"доцільн",2
"доцільніш",2
"дошкільн",2
"друз",2
"дут",2
"дячк",2
"діагностуванн",2
"діаспор",2
"діл",2
"діюч",2
"еволюційн",2
"екземпляр",2
"еколог",2
"екс",2
"екскурсовод",2
"експлуатаці",2
"експозиц",2
"еліт",2
"еміл",2
"енергі",2
"епох",2
"еразмус",2
"ес",2
"ефективніш",2
"жител",2
"житомирськ",2
"життєдіяльност",2
"журлив",2
"журнальн",2
"заболотн",2
"завершен",2
"завітренк",2
"загальноєвропейськ",2
"загоруйк",2
"зад",2
"задоволеніст",2
"задум",2
"задіян",2
"зазначим",2
"зайт",2
"закидан",2
"закордонн",2
"закцентув",2
"залевськ",2
"залежал",2
"залуч",2
"залучил",2
"замовлен",2
"замовник",2
"зап",2
"запал",2
"запальн",2
"запамят",2
"записк",2
"заповнит",2
"запровад",2
"запровадил",2
"зарпл",2
"засвоїл",2
"засвідчил",2
"заслугов",2
"застосув",2
"застосунк",2
"засідан",2
"зауваженн",2
"захоплюют",2
"зацікав",2
"зашифрован",2
"зберегт",2
"збиранн",2
"збройн",2
"збільшенн",2
"збірк",2
"звичн",2
"звук",2
"звіт",2
"здатност",2
"здатніст",2
"здивован",2
"здобул",2
"зекономим",2
"зекономит",2
"земн",2
"зичим",2
"злагоджен",2
"зменшуюч",2
"змож",2
"змінюв",2
"змінюєт",2
"змістов",2
"зміцненн",2
"зна",2
"знав",2
"знайом",2
"знайшл",2
"знак",2
"знахідк",2
"значущіст",2
"знищенн",2
"знов",2
"золот",2
"зорієнтув",2
"зрост",2
"зумовил",2
"зумовлен",2
"зусилл",2
"зясув",2
"зясувал",2
"зібранн",2
"кав",2
"камянецьподільськ",2
"карін",2
"катан",2
"катовіц",2
"кд",2
"керован",2
"кластер",2
"ключ",2
"книг",2
"ковал",2
"колес",2
"колтун",2
"колісн",2
"колісник",2
"компаніївськ",2
"компетенц",2
"комплектаці",2
"компютерноінформаційн",2
"коміс",2
"конгрес",2
"конструкційн",2
"контакт",2
"контактн",2
"контест",2
"концерт",2
"кооперативн",2
"координац",2
"коригуванн",2
"користув",2
"корупц",2
"котельнік",2
"котяцьк",2
"коіпп",2
"кравцов",2
"красив",2
"краснощеченк",2
"краєзнавчотуристичн",2
"криворізьк",2
"криз",2
"криміналістичн",2
"кудревич",2
"кузьмін",2
"культ",2
"курсник",2
"кусак",2
"куточк",2
"кібервоїн",2
"кібервійськ",2
"кібергігієн",2
"кіберзлочинніст",2
"кіберполіц",2
"кінц",2
"лавуаз",2
"лайк",2
"ланц",2
"лекторк",2
"лекційн",2
"лет",2
"логарифмічн",2
"локаціє",2
"луньов",2
"луснут",2
"лшднз",2
"львов",2
"люб",2
"ляг",2
"ляльокмотанок",2
"ляпун",2
"лінійк",2
"лінійн",2
"ліс",2
"ліснич",2
"літ",2
"літер",2
"ліяременк",2
"майстеркл",2
"макетуванн",2
"максимальн",2
"малюк",2
"мапуванн",2
"мас",2
"масмед",2
"масов",2
"матер",2
"матеріальн",2
"матеріальнотехнічн",2
"маєм",2
"мв",2
"мвлун",2
"медіапростор",2
"ментор",2
"меридіан",2
"методиц",2
"мехатронічн",2
"миколаївськ",2
"мирн",2
"митц",2
"михайлівськ",2
"михал",2
"мки",2
"мкропивницьк",2
"млаб",2
"модерув",2
"молдован",2
"молодвіж",2
"мотиваційн",2
"моторн",2
"мпса",2
"мультидисциплінарност",2
"мухін",2
"міграц",2
"міграційн",2
"міеб",2
"мікропроцесорн",2
"мінівиставк",2
"мінімум",2
"мір",2
"мірошниченк",2
"містит",2
"місцевост",2
"місяц",2
"місячн",2
"місі",2
"наан",2
"набагат",2
"наближаєм",2
"наближен",2
"наближенн",2
"нав",2
"навантаженн",2
"навесн",2
"надав",2
"надсиланн",2
"назар",2
"називают",2
"найменш",2
"найшвидш",2
"налагодженн",2
"налаштув",2
"належит",2
"намаг",2
"нанотехнолог",2
"наполеглив",2
"напрямок",2
"наркотик",2
"наступ",2
"настінн",2
"натуральн",2
"науковиц",2
"науковотехнічн",2
"науц",2
"наці",2
"націлен",2
"національнопатріотичн",2
"нв",2
"нвп",2
"ндекц",2
"невдовз",2
"невимушен",2
"недолік",2
"незмінн",2
"нелегк",2
"необмежен",2
"нестандартн",2
"нестеренк",2
"нечітк",2
"нинішн",2
"нмвойналович",2
"нмл",2
"новаторськ",2
"новгородківськ",2
"новизн",2
"новомиколаївськ",2
"ноч",2
"нош",2
"нр",2
"о",2
"обʼєдн",2
"обговорен",2
"обгрунтувал",2
"обир",2
"обмінял",2
"оборон",2
"обох",2
"обранн",2
"оброблятимут",2
"обєднан",2
"обєм",2
"овавраменк",2
"овоч",2
"овфоменк",2
"огляд",2
"оголосил",2
"огієнк",2
"одноплатн",2
"одностайн",2
"ознак",2
"ойлер",2
"океан",2
"окресл",2
"ол",2
"олександрі",2
"олександрівськ",2
"омтрифонов",2
"омщирбул",2
"онiкссистемз",2
"онлайндискусі",2
"онлайнконкурс",2
"онлайнкурс",2
"онлайнпрезентац",2
"онлайнформат",2
"онуфрак",2
"оон",2
"опанув",2
"операційн",2
"опрацюв",2
"опрацюванн",2
"оптимальн",2
"опудал",2
"організаторськ",2
"організаціє",2
"організов",2
"ослимарченк",2
"особистіст",2
"особливіст",2
"остан",2
"остапчук",2
"остаточн",2
"охорон",2
"оцінок",2
"очищенн",2
"очікуєм",2
"очільник",2
"павлівн",2
"палив",2
"пам",2
"пандемі",2
"паралельн",2
"параметризац",2
"парфьон",2
"пархоменк",2
"патріотичн",2
"пашківськ",2
"перебувают",2
"перебіг",2
"перевел",2
"перевод",2
"передбачают",2
"передов",2
"передувал",2
"перемогт",2
"переміщен",2
"перетворенн",2
"перспект",2
"періодичн",2
"петербурз",2
"петрович",2
"печворк",2
"пил",2
"письм",2
"письмов",2
"пишаєм",2
"планет",2
"плетінн",2
"площин",2
"пнпу",2
"по",2
"побачен",2
"поверненн",2
"поверт",2
"поверхов",2
"повніст",2
"поводженн",2
"повідом",2
"повітрян",2
"поглибит",2
"поглиблен",2
"погодил",2
"подарув",2
"подушк",2
"подільськ",2
"поет",2
"пожежнорятувальн",2
"пожежнотехнічн",2
"позиці",2
"покликанн",2
"полотн",2
"польот",2
"польськ",2
"поліграфічн",2
"поліпшит",2
"політехнік",2
"політехнічн",2
"політикоправов",2
"помічнянськ",2
"пообіцял",2
"попередн",2
"поповненн",2
"попрацюв",2
"популяризаці",2
"поринул",2
"портал",2
"портрет",2
"порівнян",2
"порівнянн",2
"посилит",2
"послух",2
"послідовност",2
"постраждал",2
"посіл",2
"початківц",2
"почесн",2
"почул",2
"пояс",2
"пояснюв",2
"поєднан",2
"поєднув",2
"правильност",2
"предк",2
"представ",2
"прекрасн",2
"прибул",2
"придатност",2
"придб",2
"приділял",2
"приділяєт",2
"призводит",2
"призер",2
"призначен",2
"прий",2
"прийн",2
"прийнял",2
"припад",2
"природодослідник",2
"природоохоронн",2
"присвоєн",2
"присвятил",2
"приурочен",2
"пробудженн",2
"продемонструва",2
"продовжув",2
"продовжуют",2
"продукц",2
"продукці",2
"прожив",2
"проживают",2
"прозвітув",2
"пройден",2
"прокидаєт",2
"промислов",2
"пропонован",2
"пропонуєм",2
"просим",2
"прослух",2
"противник",2
"протиставленн",2
"професорськовикладацьк",2
"професіоналізм",2
"профтехосвіт",2
"проц",2
"прояв",2
"проєктмр",2
"прям",2
"пріоритет",2
"психічн",2
"пту",2
"публік",2
"пудинг",2
"півкул",2
"північн",2
"півфінал",2
"підбив",2
"підготовч",2
"підкоренн",2
"піднятт",2
"піднім",2
"підписуйт",2
"підприємницьк",2
"підставк",2
"підсумок",2
"підібран",2
"піонер",2
"пісен",2
"піщанобрідськ",2
"радянськ",2
"раді",2
"радіодиктант",2
"ранков",2
"рацул",2
"реакц",2
"реальніст",2
"редактор",2
"рекомендаціє",2
"рекомендован",2
"рекомендув",2
"реконструкці",2
"рекреаційнооздоровч",2
"реплікаці",2
"решетніков",2
"рм",2
"робл",2
"робоквест",2
"роботапавук",2
"роботехнік",2
"роботодавц",2
"розваж",2
"розвинут",2
"розвязал",2
"розгад",2
"розгадув",2
"розглядуван",2
"розділ",2
"розділен",2
"розказ",2
"розміщенн",2
"розпочин",2
"розробит",2
"розробл",2
"розробленн",2
"розташован",2
"розуміют",2
"рост",2
"росі",2
"рр",2
"русланович",2
"рябокон",2
"ряріжняк",2
"рятувальник",2
"рівніст",2
"садиб",2
"самопочутт",2
"сафошкін",2
"свиридюк",2
"своєчасн",2
"свідчит",2
"свічок",2
"семінартренінг",2
"серв",2
"сергеєв",2
"серійн",2
"сес",2
"сигналізаці",2
"симоненк",2
"син",2
"складност",2
"скласт",2
"скорочен",2
"скічк",2
"славетн",2
"славн",2
"словаччин",2
"слуханн",2
"слідкув",2
"смартфон",2
"снєжк",2
"сокононенк",2
"соф",2
"соціокультурн",2
"сошлянчак",2
"спат",2
"спеціалізуют",2
"спеціалізуєт",2
"спланув",2
"сповнен",2
"спогад",2
"сподоб",2
"сполучен",2
"спонсор",2
"спостерігаєм",2
"справедлив",2
"справедливост",2
"сприяв",2
"спроєктув",2
"співавторств",2
"співрозмовник",2
"співрозробнице",2
"ссавц",2
"ставал",2
"ставл",2
"стадіон",2
"станіславівн",2
"стародавн",2
"старт",2
"стартап",2
"стасик",2
"стб",2
"створ",2
"степ",2
"стимулюванн",2
"стимулюют",2
"сторінок",2
"страх",2
"стресов",2
"струм",2
"стріхарчук",2
"студ",2
"студентств",2
"студентівпрактикант",2
"студміст",2
"стійк",2
"субот",2
"сувенірн",2
"сукн",2
"суперник",2
"суперництв",2
"супроводж",2
"супроводжув",2
"сходит",2
"східн",2
"сценар",2
"сценарі",2
"сьогоднішн",2
"сільськогосподарськ",2
"тааб",2
"танец",2
"твор",2
"тез",2
"темряв",2
"тиск",2
"тисяч",2
"тлі",2
"товариш",2
"токравц",2
"томашевськ",2
"тофоростовськ",2
"точн",2
"точок",2
"традиціє",2
"трансформаці",2
"трапляют",2
"траєкторі",2
"тренінгов",2
"тривалост",2
"триваліст",2
"трк",2
"тро",2
"труднощ",2
"турнір",2
"турнірн",2
"узагальнил",2
"узимк",2
"уміл",2
"універсальн",2
"урочист",2
"усп",2
"утратим",2
"учасниц",2
"учениц",2
"учительк",2
"учителівпрактик",2
"ушинськ",2
"уіканчук",2
"фахівчин",2
"федоровськ",2
"фокус",2
"формувальн",2
"фотограф",2
"фрагмент",2
"фронтенд",2
"фудар",2
"функціональніст",2
"фіксован",2
"фірм",2
"халілян",2
"харк",2
"хбб",2
"хмар",2
"хок",2
"хореографічн",2
"хімік",2
"цивілізован",2
"цькуванн",2
"цікавил",2
"цікавинк",2
"цікавл",2
"цінніст",2
"ча",2
"чарівн",2
"частуванн",2
"чат",2
"чатбот",2
"чекают",2
"чередник",2
"чернівц",2
"чесн",2
"чест",2
"чисельн",2
"числов",2
"читанн",2
"чол",2
"чорн",2
"чотирьох",2
"чуд",2
"чінч",2
"шаблон",2
"шакал",2
"швидк",2
"штат",2
"шукают",2
"щорок",2
"ювботуз",2
"юріївн",2
"явля",2
"якомог",2
"ярослав",2
"є",2
"єймухін",2
"іv",2
"іваниц",2
"іванофранківськ",2
"івсальник",2
"ігорович",2
"іграшок",2
"ігткаченк",2
"ізраїл",2
"іменн",2
"інвестиційн",2
"індексуєт",2
"інженерн",2
"інженері",2
"інструментар",2
"інтернатур",2
"інф",2
"інформатичнотехнологічн",2
"інформаційноаналітичн",2
"ініціаторк",2
"існ",2
"існуванн",2
"існуют",2
"ітспеціальност",2
"ітспільнот",2
"ґрунтуєт",2
"acm",1
"adaptation",1
"addytextafdcffffdafd",1
"addytextafdcffffdafda",1
"addytextcfbbbedefcdcfe",1
"addytextcfbbbedefcdcfea",1
"addytextcfdbbadabcadd",1
"addytextcfdbbadabcadda",1
"addytextfefbdbadceb",1
"addytextfefbdbadceba",1
"advisori",1
"agroexpo",1
"airfreshmax",1
"allukrainain",1
"alma",1
"amazon",1
"applied",1
"ar",1
"arbook",1
"arena",1
"art",1
"artificial",1
"backend",1
"bernette",1
"bernina",1
"bknucdungeonmasters",1
"bloesemhof",1
"bomba",1
"bookvar",1
"brovchenko",1
"bublé",1
"bvba",1
"c",1
"calendar",1
"center",1
"challenges",1
"ciregor",1
"classroom",1
"cmdocumentgetelementbyidcloakafdcffffdafdinnerhtml",1
"cmdocumentgetelementbyidcloakcfdbbadabcaddinnerhtml",1
"cme",1
"collegiate",1
"computing",1
"conference",1
"contest",1
"cortex",1
"cпеціальност",1
"dance",1
"dauphine",1
"de",1
"design",1
"devops",1
"dfrobots",1
"diaspora",1
"disciplines",1
"discovering",1
"docker",1
"documentgetelementbyidcloakafdcffffdafdinnerhtml",1
"documentgetelementbyidcloakcfbbbedefcdcfeinnerhtml",1
"documentgetelementbyidcloakcfdbbadabcaddinnerhtml",1
"documentgetelementbyidcloakfefbdbadcebinnerhtml",1
"doi",1
"dream",1
"dмодел",1
"dпринтер",1
"echo",1
"ecocityorgua",1
"edera",1
"electricity",1
"emister",1
"end",1
"engineering",1
"enlight",1
"epplteppkacbhejp",1
"eu",1
"euronext",1
"event",1
"excel",1
"f",1
"femmefatale",1
"finder",1
"footer",1
"for",1
"forced",1
"france",1
"freak",1
"front",1
"full",1
"geography",1
"gest",1
"giz",1
"gmail",1
"goa",1
"gps",1
"gpt",1
"hard",1
"hd",1
"header",1
"herbariorum",1
"httpscusueduuauaantykoruptsiinizakhodynormatyvnopravoviakty",1
"httpscuttlyhwmia",1
"httpsdocsgooglecomformsdobzqwmrhsgnkhlzmuebqdmjvqiuqflrmedituspdrivesdk",1
"httpsdocsgooglecompresentationdfbvwsodpvoqinserzippafmnqccjusfymxiceditslideidgcac",1
"httpsdrivegooglecomdrivefolderspmdcpsevdmejdybfocftzzmuspsharelink",1
"httpsdrivegooglecomfiledfvekgkmbtpunqozuwdefyiqrwview",1
"httpsdrivegooglecomfiledytmxxqnggbfyoojjgkxdvpnnusview",1
"httpsecocityorguazoomlatlngstationrandom",1
"httpsformsgledindqcxdosqzum",1
"httpsinstagramcomkroprobotsigshidzddkntzintm",1
"httpsmeetgooglecomxmbuqdqbvn",1
"httpsmeetgooglecomyywdusbsir",1
"httpsphmcuspueduuafacultetnovinimaslianazustrichaiemovesnurazomhtml",1
"httpsphmcuspueduuafacultetnovinivolonterstvonainformatsiinomufrontihtml",1
"httpsprometheusorgua",1
"httpstmestoprussiachannel",1
"httpstmeukraineavangerbot",1
"httpswordartcomcreate",1
"httpswwwueraorguauknode",1
"httpswwwyoutubecomwatchvbbdperflglistplraulgsothrdgdmrxepuqjhwindexppgaqbiaqb",1
"httpswwwyoutubecomwatchvgaxxjwckyolistplraulgsothrdgdmrxepuqjhwindexts",1
"httpswwwyoutubecomwatchvldpquqbv",1
"httpswwwyoutubecomwatchvrqzogiqcrlistplraulgsothrdgdmrxepuqjhwindextsppgaqbiaqb",1
"httpswwwyoutubecomwatchvrviykagalistplraulgsothrdgdmrxepuqjhwindexppgaqbiaqb",1
"httpswwwyoutubecomwatchvztaajkkmgelistplraulgsothrdgdmrxepuqjhwindextsppgaqbiaqb",1
"httpszakonradagovualawsshowztext",1
"icpc",1
"inc",1
"index",1
"innovations",1
"innovative",1
"intelligence",1
"interdisciplinary",1
"international",1
"ios",1
"iot",1
"irt",1
"isbn",1
"iscar",1
"it",1
"itгалуз",1
"itкомпаніїonix",1
"january",1
"javafx",1
"jemelry",1
"jibo",1
"junior",1
"kahoot",1
"katowice",1
"kg",1
"kowo",1
"kspu",1
"kumite",1
"labster",1
"ldd",1
"legoeducation",1
"legoслон",1
"lifecell",1
"m",1
"management",1
"marketing",1
"mate",1
"mater",1
"mathematics",1
"mc",1
"mecanum",1
"mechanic",1
"men",1
"michael",1
"migration",1
"mines",1
"mix",1
"models",1
"ms",1
"nasdaq",1
"nauka",1
"nk",1
"no",1
"not",1
"ntdocumentgetelementbyidcloakcfbbbedefcdcfeinnerhtml",1
"ntdocumentgetelementbyidcloakfefbdbadcebinnerhtml",1
"nyse",1
"oculusrift",1
"odessa",1
"oeuvre",1
"ools",1
"opportunities",1
"or",1
"orient",1
"paris",1
"pdf",1
"perspectives",1
"phd",1
"pi",1
"poland",1
"pr",1
"professional",1
"profifair",1
"program",1
"programming",1
"project",1
"prometheus",1
"quilts",1
"raspberry",1
"reactдепартамент",1
"recruiter",1
"recruitment",1
"refugee",1
"research",1
"rgb",1
"role",1
"routing",1
"saiup",1
"sales",1
"seminar",1
"server",1
"service",1
"sewgo",1
"shelter",1
"silesia",1
"sindi",1
"smmниц",1
"solovey",1
"sort",1
"spolit",1
"steamнавчанн",1
"steamосвіт",1
"steamпроєкт",1
"stemдіяльност",1
"stemнавчанн",1
"stemпедагог",1
"stemіде",1
"stopfraudmriya",1
"stoprassia",1
"stoprassiachennel",1
"stoprussia",1
"stoprussiamriya",1
"studio",1
"sustainable",1
"sway",1
"switching",1
"sмм",1
"t",1
"talk",1
"teaching",1
"team",1
"techleadreact",1
"technologies",1
"technology",1
"telegramбот",1
"th",1
"trade",1
"uiux",1
"ukrainian",1
"unitydproject",1
"usa",1
"usb",1
"vesnasoft",1
"vi",1
"vii",1
"vision",1
"visual",1
"vodafone",1
"wabiss",1
"watch",1
"webкамер",1
"webрозробк",1
"webсервер",1
"webсторінк",1
"wko",1
"world",1
"wrap",1
"x",1
"xix",1
"xv",1
"xxi",1
"youth",1
"youtube",1
"zoom",1
"абсолютн",1
"абстрактн",1
"ав",1
"авпузік",1
"авраменк",1
"автомобіл",1
"автомобільн",1
"автономі",1
"авторк",1
"авіакомпан",1
"агарагар",1
"агент",1
"агенці",1
"агзам",1
"агр",1
"агрес",1
"агресор",1
"агробізнес",1
"адаптер",1
"адаптув",1
"аджамськ",1
"адміністративн",1
"адміністраціє",1
"адмініструванн",1
"аеропорт",1
"азот",1
"айк",1
"аколг",1
"акорд",1
"акредитаці",1
"акредитаційн",1
"акт",1
"активност",1
"активізац",1
"актов",1
"актор",1
"акторськ",1
"актуальност",1
"актуалізув",1
"акумулятор",1
"акцент",1
"акціонерн",1
"ал",1
"алааб",1
"алгоритмізаці",1
"александер",1
"алуг",1
"альон",1
"алюмін",1
"алєксеєвєц",1
"алін",1
"амбітн",1
"амплітуд",1
"аміак",1
"анагр",1
"анатол",1
"анатолі",1
"анатомічн",1
"андрі",1
"андріївн",1
"анкетуванн",1
"анонсув",1
"антикризов",1
"антон",1
"антрополог",1
"антуан",1
"анімаці",1
"апалат",1
"апанасевич",1
"апанасєвич",1
"апарат",1
"аплет",1
"аплікац",1
"апоге",1
"апробац",1
"апробаці",1
"апсайклінг",1
"арбітр",1
"аргументован",1
"арифметичн",1
"арифмометр",1
"аркад",1
"аромат",1
"артем",1
"артистизм",1
"артквілт",1
"арттерапевт",1
"арттерапі",1
"арттехнологі",1
"артур",1
"археолог",1
"архітектор",1
"архітектурномістобудівн",1
"арін",1
"ас",1
"асистент",1
"ассоціац",1
"астрометр",1
"аудиторіє",1
"ауді",1
"аурел",1
"аустенк",1
"аутсорскомпані",1
"аіткачук",1
"бабак",1
"бабаліч",1
"бабченк",1
"багатомасштабн",1
"багатопрофільн",1
"багл",1
"баж",1
"базарн",1
"базуюч",1
"барвист",1
"барвник",1
"бата",1
"батареє",1
"батьківщин",1
"бахрушин",1
"бачим",1
"бевз",1
"безліч",1
"безпеков",1
"безпец",1
"безплатн",1
"безрозмірн",1
"безцінн",1
"безчест",1
"бельгі",1
"бельгійськ",1
"бер",1
"бербец",1
"бережинськ",1
"бережн",1
"берет",1
"бернс",1
"бетон",1
"благополучч",1
"благоустр",1
"блакитн",1
"блиск",1
"блог",1
"блогер",1
"блокад",1
"блоц",1
"блютуз",1
"бліцопитуванн",1
"бн",1
"бобров",1
"богатирец",1
"богданов",1
"бодик",1
"бойов",1
"бок",1
"болгарі",1
"боліл",1
"бон",1
"бонус",1
"борец",1
"борис",1
"борисенк",1
"борисович",1
"борол",1
"бос",1
"боєприпас",1
"бракувал",1
"братиславськ",1
"брейнринз",1
"брендан",1
"брехуненк",1
"бригад",1
"бриков",1
"бричк",1
"брукінз",1
"брюлл",1
"був",1
"буд",1
"будкемп",1
"будівел",1
"бузин",1
"буквальн",1
"буклет",1
"булазаступник",1
"булер",1
"буревісник",1
"буряк",1
"бут",1
"бутенк",1
"бх",1
"бібліографі",1
"бібліографічн",1
"біг",1
"бігт",1
"біденк",1
"бізнесконсалтинг",1
"бізнесосвіт",1
"бізнессередовищ",1
"бійц",1
"білк",1
"білоножк",1
"білор",1
"більш",1
"більшост",1
"бінарн",1
"біографістик",1
"біографістиц",1
"біографічнопросопографічн",1
"біологамеколог",1
"біологівхімік",1
"біом",1
"біотехнологічн",1
"біоформ",1
"бірзул",1
"біс",1
"бісектр",1
"бічер",1
"вадим",1
"важк",1
"вайбер",1
"вайбергруп",1
"вакуленк",1
"валерійович",1
"валєр",1
"валідност",1
"вантаж",1
"вантажн",1
"вантажопідйомн",1
"вантажівк",1
"вантажівок",1
"ваніл",1
"вапп",1
"вареник",1
"вартіст",1
"ваучер",1
"вашек",1
"вболівальник",1
"вболіваєм",1
"вбранн",1
"вбудован",1
"вважают",1
"ввел",1
"ввкотяк",1
"ввнічишин",1
"ввсташис",1
"вг",1
"вгкороленк",1
"вдовенк",1
"вдовиченк",1
"вдосконалил",1
"вдосконалит",1
"вдруг",1
"вдячност",1
"веб",1
"вебдизайн",1
"вебзастосуван",1
"вебзастосунк",1
"ведет",1
"ведут",1
"вектор",1
"великден",1
"велич",1
"вельм",1
"вентилятор",1
"вербицьк",1
"вергун",1
"вересен",1
"верещак",1
"вернигор",1
"веронік",1
"верств",1
"вертикальн",1
"верховин",1
"веснянк",1
"вечер",1
"вечірн",1
"вживан",1
"взаємовигідн",1
"взаємовідвідуванн",1
"взаємодіял",1
"взаємозбагаченн",1
"взаємозвязк",1
"взаємокорисн",1
"взаємообмін",1
"взаєморозумінн",1
"взимк",1
"взутт",1
"взяв",1
"вибир",1
"виборн",1
"вибран",1
"вив",1
"виведенн",1
"вивчит",1
"вигадув",1
"виглядают",1
"виговлен",1
"виготов",1
"виготовлял",1
"виготовляют",1
"видав",1
"видаленн",1
"видовищн",1
"видозмін",1
"виділен",1
"виділил",1
"визн",1
"визнанн",1
"визначальн",1
"визначают",1
"визначаєт",1
"визнаєт",1
"вийд",1
"вийш",1
"викладатимут",1
"викладачамивчител",1
"викладачц",1
"викладачівдослідник",1
"викладачімализмогуобговорит",1
"викладачіпрофесіон",1
"виклал",1
"викликан",1
"викликают",1
"виконавц",1
"виконавч",1
"виконувал",1
"виконуюч",1
"викопн",1
"використ",1
"використал",1
"використают",1
"викривленн",1
"вимаг",1
"вимочув",1
"вимірюван",1
"винагород",1
"виникл",1
"винос",1
"винятковіст",1
"виокремлюв",1
"випалюванн",1
"випилюванн",1
"виправн",1
"випробуван",1
"випробуванн",1
"випускниківспеціальност",1
"випусков",1
"вираз",1
"виразніст",1
"виробил",1
"виробничотехнологічн",1
"виріб",1
"вирізняют",1
"виріш",1
"вирішит",1
"вирішуют",1
"висвітлюв",1
"висловит",1
"висловленн",1
"висловлю",1
"висловлюв",1
"вислух",1
"висновк",1
"висококваліфікован",1
"висококонкурентн",1
"високосн",1
"високохудожн",1
"високоякісн",1
"виставит",1
"виставкумуз",1
"виставц",1
"вистояв",1
"вистоял",1
"виступаюч",1
"витвор",1
"витинанк",1
"витр",1
"витрат",1
"витримк",1
"вихован",1
"виховател",1
"виходит",1
"виходц",1
"вихідц",1
"вишамиспіворганізатор",1
"вишиванн",1
"вищезгадан",1
"виявит",1
"виявл",1
"виявлен",1
"виїх",1
"вказ",1
"вказан",1
"вказівник",1
"вклад",1
"вкладал",1
"вкладенн",1
"вкладк",1
"включают",1
"включит",1
"вкусит",1
"владилен",1
"владиславович",1
"власник",1
"власнице",1
"власніст",1
"влаштовув",1
"вліз",1
"влітк",1
"вм",1
"вміл",1
"вміют",1
"внес",1
"внесен",1
"внеск",1
"внз",1
"вносил",1
"вносит",1
"внутрішньогрупов",1
"вогон",1
"вод",1
"водн",1
"возавідувач",1
"вознюк",1
"волд",1
"волейболіст",1
"волинськ",1
"волкан",1
"вологіст",1
"володар",1
"володінн",1
"волос",1
"воркшоп",1
"ворожбітгорбатюк",1
"воронкін",1
"восухомлинськ",1
"восьм",1
"воєвод",1
"впевненіш",1
"вплинул",1
"впомісцев",1
"впорядкуванн",1
"вправляют",1
"впровадж",1
"впроваджен",1
"впроваджув",1
"впроваджуют",1
"враг",1
"враж",1
"вражаюч",1
"врахуванн",1
"врегулюванн",1
"всел",1
"всеобуч",1
"всеосвіт",1
"всесвітн",1
"встановлю",1
"встановлюв",1
"встигл",1
"вступают",1
"вступит",1
"вторинн",1
"втратит",1
"втрач",1
"втіл",1
"втіленн",1
"втілит",1
"втілю",1
"вугар",1
"вуглевод",1
"вуглец",1
"вузампартнер",1
"вузл",1
"вузлов",1
"вум",1
"вф",1
"вхід",1
"вціл",1
"вчат",1
"вченимпалеозоолог",1
"вшановуєт",1
"вшануванн",1
"вштіп",1
"вівторок",1
"відбит",1
"відбуватимет",1
"відбувают",1
"відбудов",1
"відбірковотренувальн",1
"відважн",1
"відвідал",1
"відвідуваніст",1
"відданост",1
"відданіст",1
"віддают",1
"відеоадаптер",1
"відеозустріч",1
"відеокамер",1
"відеоконференц",1
"відеоматері",1
"відеофрагмент",1
"відеоінтерфейс",1
"відзнак",1
"відзначал",1
"відзначаєм",1
"відзначаєт",1
"відкладаєм",1
"відкр",1
"відкривают",1
"відкритіст",1
"відкриют",1
"відкриєт",1
"відмовил",1
"відмін",1
"відмінник",1
"відмінніст",1
"відміт",1
"відмітит",1
"відмічен",1
"віднест",1
"відношен",1
"відображают",1
"відображенн",1
"відокремлен",1
"відпов",1
"відповідатимут",1
"відповіст",1
"відпочивал",1
"відпочил",1
"відпочит",1
"відправл",1
"відпрацюванн",1
"відпуск",1
"відремонтован",1
"відрізняют",1
"відрізняєт",1
"відслідковув",1
"відслідковувал",1
"відсотков",1
"відстан",1
"відступ",1
"відсутност",1
"відсутніст",1
"відтворит",1
"відтворюв",1
"відтінк",1
"відхід",1
"відчин",1
"відчинен",1
"відчув",1
"відчувают",1
"відійшл",1
"візуалізац",1
"військ",1
"вікн",1
"вікторівноюсуріноюметодист",1
"вікіпеді",1
"віленкін",1
"вільнюс",1
"віртуальност",1
"вірус",1
"вістр",1
"віталі",1
"віталін",1
"вітамін",1
"вітанн",1
"віх",1
"віхляєв",1
"вічн",1
"гавриленк",1
"гаврилюк",1
"гаврюшин",1
"газов",1
"гайворон",1
"гайд",1
"гайденк",1
"галич",1
"галузев",1
"галузіоцінюванн",1
"галіцьк",1
"гам",1
"гаммарадіаці",1
"гарантуванн",1
"гарантуєм",1
"гармонійн",1
"гашенк",1
"гащак",1
"гейк",1
"геймтехнолог",1
"гелевер",1
"гендер",1
"генеративн",1
"генетичн",1
"геніальн",1
"геогр",1
"геоекологі",1
"гербаризаці",1
"германськ",1
"гетьман",1
"гжегож",1
"глазун",1
"глибинн",1
"глобалізаці",1
"глонасс",1
"гмб",1
"гнтн",1
"говор",1
"гогол",1
"голованівськ",1
"головченк",1
"голос",1
"голосов",1
"голосуванн",1
"гонт",1
"гончаренк",1
"горбач",1
"горд",1
"гордіст",1
"гордієнк",1
"горизонт",1
"горизонтальн",1
"горлівськ",1
"горобин",1
"господарюванн",1
"гостр",1
"готел",1
"грав",1
"граклікер",1
"грал",1
"граф",1
"графов",1
"гречанюк",1
"гриб",1
"григорівн",1
"грицун",1
"громіздк",1
"громіздкіст",1
"гртнб",1
"груб",1
"грузі",1
"груш",1
"грязн",1
"грі",1
"губ",1
"гуглклас",1
"гулкл",1
"гуманітарнопедагогічн",1
"гур",1
"гуров",1
"гуртков",1
"гуртківц",1
"гучн",1
"гфаркушин",1
"гігієн",1
"гідност",1
"гідніст",1
"гілочк",1
"гіпотез",1
"давидівн",1
"давнин",1
"давньогрецьк",1
"дадут",1
"дакот",1
"дают",1
"дба",1
"дв",1
"двадцятирічн",1
"дванадцятьох",1
"дво",1
"дворян",1
"двосторон",1
"дебютант",1
"дев",1
"девятикласник",1
"дегустац",1
"декад",1
"деканат",1
"декламуванн",1
"декоративноприкладн",1
"дельфін",1
"демографі",1
"демократичн",1
"демократі",1
"демонстраційн",1
"демонстраціє",1
"демонструвал",1
"демонструют",1
"демченк",1
"денисенк",1
"депозит",1
"депутат",1
"дер",1
"деревин",1
"деревн",1
"державност",1
"десятирічч",1
"деформован",1
"дефіл",1
"джаз",1
"джем",1
"джордж",1
"див",1
"дивил",1
"дивл",1
"дивовижн",1
"дивіт",1
"дидактикометодичн",1
"диджитал",1
"диджиталізац",1
"дизайнерськ",1
"дик",1
"дикт",1
"димченк",1
"директорат",1
"директорц",1
"дисертантк",1
"дисертаці",1
"диск",1
"дискотек",1
"дисперсійн",1
"диспле",1
"диференціаці",1
"диференційован",1
"дломакін",1
"днем",1
"дном",1
"дню",1
"добавок",1
"добов",1
"добош",1
"доброван",1
"добровеличківк",1
"добутк",1
"довбн",1
"довгенк",1
"довгоочікуван",1
"довгорук",1
"довготривал",1
"доведен",1
"довел",1
"довженк",1
"довод",1
"доводит",1
"довідал",1
"довідков",1
"довір",1
"договір",1
"додав",1
"додал",1
"доданодв",1
"додаюч",1
"додаєм",1
"докладут",1
"докторович",1
"документац",1
"документаці",1
"долар",1
"долинськ",1
"долуча",1
"долучайт",1
"долучают",1
"долученн",1
"домаган",1
"домогт",1
"домоткан",1
"домінуванн",1
"дональд",1
"донесенн",1
"доперелік",1
"допитливіст",1
"доповн",1
"доповненн",1
"допоможем",1
"допоміг",1
"допроєкт",1
"дорожн",1
"дорощук",1
"дорул",1
"дорученн",1
"дорівнюват",1
"дослухают",1
"дослідж",1
"досліджув",1
"дослідниц",1
"достатн",1
"достовірност",1
"достойн",1
"доступност",1
"досяг",1
"досягаєм",1
"досягнут",1
"дотепн",1
"дотичн",1
"дотримк",1
"доуніверситетськ",1
"дохід",1
"доценток",1
"доцільніст",1
"дощ",1
"дпавлюк",1
"драйвер",1
"дроговоз",1
"дрон",1
"дружб",1
"дружност",1
"друкован",1
"друкув",1
"дрібниц",1
"ду",1
"дужич",1
"дун",1
"дус",1
"душе",1
"дяк",1
"дякув",1
"дякуют",1
"діагностик",1
"діапазон",1
"дібров",1
"дівчин",1
"діджиталізаціє",1
"дійшл",1
"ділов",1
"ділянк",1
"ділянок",1
"ділянц",1
"дім",1
"діоксид",1
"діют",1
"діяльнісн",1
"евакуаці",1
"еволюці",1
"евристичн",1
"егід",1
"едукаці",1
"едіківн",1
"екзаменатор",1
"екзаменаційн",1
"екзотик",1
"екліптик",1
"екосистем",1
"екран",1
"експериментув",1
"експертнокриміналістичн",1
"експозиці",1
"експозиціє",1
"експонуєт",1
"експорт",1
"екстренн",1
"екц",1
"електродинамік",1
"електроенергетичн",1
"емерсон",1
"емоційноекспресивн",1
"емоційніст",1
"енергетик",1
"енергетичн",1
"енергійн",1
"ентузіазм",1
"ентузіаст",1
"епіграф",1
"ер",1
"ерудит",1
"етимолог",1
"етимологі",1
"етнограф",1
"етнокультурн",1
"етноподорож",1
"етностил",1
"етнічн",1
"ефір",1
"жадан",1
"жанр",1
"жарт",1
"жел",1
"желейн",1
"жертв",1
"живленн",1
"жил",1
"жилет",1
"жир",1
"жит",1
"життєрадісніст",1
"жуковськ",1
"журн",1
"журналіст",1
"жінк",1
"жінок",1
"жіноч",1
"жіночн",1
"жінц",1
"забав",1
"забавит",1
"забезпечув",1
"забезпечуватимут",1
"заберет",1
"забужк",1
"зав",1
"завадил",1
"завантаж",1
"завантаженн",1
"завіта",1
"завітайт",1
"завітал",1
"загальноознайомлювальн",1
"загальносвітн",1
"загальнотехнічн",1
"загибл",1
"заглибит",1
"задаче",1
"задекларован",1
"задн",1
"задоводенн",1
"задовольнит",1
"задорожк",1
"задуман",1
"зазиванн",1
"зайв",1
"зайн",1
"зайняв",1
"зайнятост",1
"закладаєт",1
"закладен",1
"закладупартнер",1
"заключен",1
"законн",1
"законност",1
"закономірност",1
"закриваєт",1
"закрит",1
"закрійник",1
"закріпил",1
"закріпит",1
"закріплен",1
"закуплен",1
"закцентован",1
"закінчуют",1
"закінчуюч",1
"залишаєт",1
"залишен",1
"залман",1
"залучатимем",1
"залучатимут",1
"залюбк",1
"замаскован",1
"занотув",1
"заохотит",1
"заохочув",1
"запамятаєт",1
"запах",1
"записуют",1
"запитал",1
"запитув",1
"заповненн",1
"запорізьк",1
"започаткув",1
"запроваджен",1
"запроваджуют",1
"запрограмув",1
"запрограмуют",1
"запрошуйт",1
"запрошуют",1
"запуск",1
"запустил",1
"запустит",1
"зарахув",1
"зарекомендув",1
"заробл",1
"заробітн",1
"зарубіжж",1
"зарубіжн",1
"заруцьк",1
"заряджают",1
"засвоюєм",1
"засвідч",1
"засвідчуют",1
"засвідчуєм",1
"заснован",1
"засновнице",1
"застигл",1
"застосунок",1
"застсекретар",1
"засяяв",1
"засєкін",1
"затамува",1
"затверджен",1
"затвердженн",1
"затвердит",1
"затишк",1
"затишок",1
"затребуваност",1
"зауважувал",1
"зафіксув",1
"захват",1
"захватихат",1
"захворюванн",1
"захищ",1
"захопенн",1
"захоплюєт",1
"зацікавит",1
"зацікавленост",1
"зачарув",1
"зачин",1
"зачісок",1
"збагатил",1
"збагатит",1
"збереж",1
"зберіг",1
"зберіганн",1
"збир",1
"збирают",1
"збут",1
"збільшит",1
"збільшув",1
"збірц",1
"зважил",1
"зван",1
"звернут",1
"зверт",1
"звертаєт",1
"звича",1
"звуков",1
"звучит",1
"звісн",1
"звітув",1
"звітуюч",1
"згад",1
"згадан",1
"згадув",1
"згадуют",1
"згуртуванн",1
"здал",1
"здалек",1
"здат",1
"здатен",1
"здач",1
"здивув",1
"здо",1
"здобув",1
"здобудут",1
"здол",1
"здоровʼ",1
"здійсн",1
"здійснен",1
"здійснит",1
"зелен",1
"земельн",1
"зернов",1
"зим",1
"зколектив",1
"златопільськ",1
"злет",1
"зли",1
"зло",1
"злочинност",1
"злочинніст",1
"змагальн",1
"змагаюч",1
"зменшен",1
"змоделюв",1
"зможем",1
"змусит",1
"змійк",1
"змінит",1
"зміцнит",1
"зміцнюв",1
"знадобил",1
"знаков",1
"знаменит",1
"знамянк",1
"знат",1
"знаходженн",1
"значен",1
"значущ",1
"знаєм",1
"зник",1
"зникнут",1
"знятт",1
"знім",1
"зо",1
"зображен",1
"зобразит",1
"золотоординськ",1
"зор",1
"зорієнтов",1
"зорієнтован",1
"зорієнтованіст",1
"зосереджен",1
"зосередил",1
"зоськіор",1
"зош",1
"зошит",1
"зошитапосібник",1
"зошитпосібник",1
"зпхалецьк",1
"зранк",1
"зроблен",1
"зрозум",1
"зручност",1
"зрушув",1
"зупинен",1
"зустрічівідмічен",1
"зчитуванн",1
"зш",1
"зюфілер",1
"зявл",1
"зявляют",1
"зясовув",1
"зібрал",1
"зігр",1
"зігріт",1
"зінов",1
"зіпсувал",1
"зірков",1
"зістейкхолдер",1
"зіштовхув",1
"и",1
"ймовірност",1
"йти",1
"йшло",1
"кабак",1
"кабел",1
"кавапауз",1
"кавуванн",1
"каз",1
"калашник",1
"калашников",1
"калейдоскоп",1
"календарн",1
"калин",1
"калініченк",1
"камеральн",1
"кандид",1
"кант",1
"капітал",1
"карат",1
"карл",1
"карток",1
"каскадн",1
"катастроф",1
"кафер",1
"каше",1
"кашлак",1
"кбн",1
"квадратн",1
"квартир",1
"кваш",1
"квитк",1
"квот",1
"квіт",1
"квітк",1
"квітнут",1
"квітнятравн",1
"квітуч",1
"кгеогрн",1
"ке",1
"кердяк",1
"керролл",1
"керуют",1
"керуєт",1
"кетрін",1
"кид",1
"кипарисов",1
"кирилюк",1
"києвомогилянськ",1
"кла",1
"класник",1
"клименк",1
"клопотанн",1
"кліматологі",1
"км",1
"книжков",1
"кнопк",1
"кнут",1
"кнідз",1
"ковальчуканастас",1
"ковбасн",1
"коворкінг",1
"ковток",1
"кодд",1
"кодекс",1
"кожус",1
"козацтв",1
"козацьк",1
"козир",1
"козл",1
"козленк",1
"козлов",1
"козурак",1
"колабораці",1
"колаген",1
"колаж",1
"колегамипрактик",1
"колез",1
"колесник",1
"колесніченк",1
"коллаборант",1
"коломоєц",1
"колон",1
"колор",1
"колосальн",1
"коляд",1
"колі",1
"колір",1
"ком",1
"командуванн",1
"комбінат",1
"комбінув",1
"комерційн",1
"комлексн",1
"компенсаційн",1
"компенсув",1
"компетентнісн",1
"комплексн",1
"комплект",1
"комплектуюч",1
"комплімент",1
"комунік",1
"комунікативн",1
"комунікатор",1
"комуніст",1
"комутатор",1
"комфорт",1
"кондитер",1
"конкур",1
"конкурентн",1
"конкурентоздатност",1
"конкурентоспроможност",1
"конкуренц",1
"конкуренці",1
"конкуренціє",1
"конкурсант",1
"консалтингов",1
"консол",1
"константин",1
"конструктивн",1
"конструкц",1
"конструюв",1
"конструюют",1
"консульт",1
"консультац",1
"консультаці",1
"континент",1
"контролюв",1
"концентр",1
"концентраці",1
"концентрув",1
"концепц",1
"концепціє",1
"конюх",1
"конєчн",1
"коопераці",1
"координ",1
"координат",1
"координаторк",1
"координаці",1
"координаційн",1
"координуюч",1
"коп",1
"копиц",1
"корекці",1
"корен",1
"корецьк",1
"користувальницьк",1
"користувацьк",1
"користуєт",1
"корпоративн",1
"корупційн",1
"костенк",1
"костюк",1
"костюм",1
"костянтин",1
"котельніков",1
"котик",1
"коуч",1
"кохан",1
"кра",1
"кравец",1
"кравц",1
"крак",1
"кран",1
"крангач",1
"краснощокзавідувач",1
"красот",1
"красул",1
"красун",1
"краєзнавч",1
"крейз",1
"кременчук",1
"кремоподібн",1
"кресленн",1
"креслярськ",1
"кривд",1
"кривенк",1
"крил",1
"крилатик",1
"кримінальн",1
"криптовалют",1
"кришк",1
"кров",1
"крокодил",1
"кропивк",1
"кропивницькогоучн",1
"кросворд",1
"крохмал",1
"круп",1
"крупяк",1
"кріпацьк",1
"ксакбаш",1
"ксотник",1
"ктехнн",1
"ку",1
"кубок",1
"кузик",1
"кузнєц",1
"кузьменк",1
"кульок",1
"культурномасов",1
"кулінарі",1
"куліш",1
"куманец",1
"кунд",1
"куп",1
"купрієвич",1
"купівл",1
"кураторськ",1
"курмаш",1
"курсант",1
"кус",1
"кут",1
"кух",1
"кухар",1
"кухн",1
"кучеренк",1
"кушк",1
"кібер",1
"кібербезпец",1
"кібербулінг",1
"кіберпростор",1
"кіберпростір",1
"кількасотлітн",1
"кількісн",1
"кіокушинка",1
"кіреєв",1
"кіровоградобленерг",1
"кіс",1
"ла",1
"лабунськ",1
"лабіринт",1
"ладифік",1
"лазарєв",1
"ландшафтн",1
"ланк",1
"латв",1
"лаунджзон",1
"лв",1
"лдганенк",1
"лев",1
"легенд",1
"легендарн",1
"легков",1
"легкозаймист",1
"легкіст",1
"леж",1
"лежит",1
"лексик",1
"лекційдискурс",1
"лекціюдіалог",1
"лекціюн",1
"лекціюінструктаж",1
"лекціїбесід",1
"лелек",1
"леман",1
"леонард",1
"леонтіївн",1
"лес",1
"леськ",1
"липн",1
"лисиц",1
"листочк",1
"литвин",1
"литвиненк",1
"лну",1
"ло",1
"логотип",1
"логікоструктурн",1
"ломоносовавчен",1
"лопатьк",1
"лопн",1
"лоран",1
"лотере",1
"лочистяк",1
"лп",1
"лпб",1
"луг",1
"луц",1
"льон",1
"льюїс",1
"любит",1
"любов",1
"людств",1
"людьм",1
"лягаєв",1
"лянн",1
"ляховецьк",1
"ляшок",1
"лідерств",1
"лідерськ",1
"лідирувал",1
"ліз",1
"лікар",1
"лікаренк",1
"лін",1
"лінгвістик",1
"лінгвістичн",1
"лінне",1
"лініє",1
"ліпит",1
"лісов",1
"літературн",1
"ліцейінтернат",1
"ліценз",1
"ліцензійн",1
"ліцеїст",1
"лічен",1
"маг",1
"магістрантк",1
"магістрантівматематик",1
"магістриматематик",1
"мазурик",1
"мазурок",1
"макаренк",1
"макет",1
"максім",1
"маламуж",1
"маловідом",1
"малєєв",1
"мамонт",1
"мандр",1
"мандруют",1
"маневреност",1
"маніпулятор",1
"маніпуляц",1
"маніпуляційн",1
"маргарит",1
"марк",1
"маркетинг",1
"маркетолог",1
"маркін",1
"мармелад",1
"мародер",1
"мартинюк",1
"мартовськ",1
"мартіросян",1
"марченк",1
"маршрут",1
"марі",1
"маріупольськ",1
"маріє",1
"масив",1
"маслов",1
"масовіст",1
"масштабн",1
"матвєєв",1
"математиц",1
"математичноекономічн",1
"материнськ",1
"матковськ",1
"матриц",1
"матус",1
"мауп",1
"машинк",1
"машинобудуванн",1
"маєтк",1
"мвс",1
"мебл",1
"медал",1
"медведєв",1
"меднік",1
"медодист",1
"медуз",1
"медіалабораторіє",1
"медійник",1
"мексик",1
"мельничук",1
"мельнік",1
"меморандум",1
"менежмент",1
"ментальн",1
"менш",1
"меншуткін",1
"мережев",1
"меренк",1
"меренков",1
"меркур",1
"метал",1
"метеорологі",1
"метеостанц",1
"методистіввикладач",1
"методичнодидактичн",1
"мехатронн",1
"мехатроніц",1
"мешканц",1
"микит",1
"микитюк",1
"мил",1
"миньк",1
"мирошніченк",1
"мислицьк",1
"мисник",1
"митн",1
"митрофаненк",1
"миттєв",1
"михальськ",1
"млинц",1
"множин",1
"множинн",1
"модем",1
"модерован",1
"модерувал",1
"модн",1
"модуляційн",1
"мозаїк",1
"мозк",1
"молдаван",1
"молекулярн",1
"молекулярногенетичн",1
"молодд",1
"молодц",1
"молочн",1
"монограф",1
"монографі",1
"монооксид",1
"монтуванн",1
"мороз",1
"мост",1
"мотивац",1
"мотиваціє",1
"мотивован",1
"мотивув",1
"мотивуванн",1
"мотивуют",1
"моторролл",1
"мпденисенк",1
"мрійц",1
"мріял",1
"мрієт",1
"мсбобр",1
"мсбобров",1
"мтлісовськ",1
"мудріст",1
"мужн",1
"музейетнолаборатор",1
"музейн",1
"музик",1
"мультимедійн",1
"мультипредметн",1
"мультфільм",1
"муніципальн",1
"мусаєв",1
"мф",1
"мяз",1
"мякост",1
"мєдвєдєв",1
"мі",1
"міб",1
"міжгрупов",1
"міжособистісн",1
"мікробіт",1
"мікроелектронік",1
"мікроклімат",1
"мікросхем",1
"мілрад",1
"мілютін",1
"мілєн",1
"мінб",1
"мінімайстерклас",1
"мінімізув",1
"міністр",1
"містобудуванн",1
"міськрад",1
"місіє",1
"міх",1
"міцн",1
"мішин",1
"наближаєт",1
"набрал",1
"набуваєт",1
"навал",1
"навиворіт",1
"навик",1
"навчальновиробнич",1
"навчальнонаук",1
"навчальноорганізаційн",1
"навчальнопізнавальн",1
"навчальнореабілітаційн",1
"навчальнотеоретичн",1
"навчан",1
"навчаєют",1
"нагадув",1
"нагадуют",1
"наголошувал",1
"наголошуют",1
"нагородженн",1
"нагородил",1
"нагріт",1
"нада",1
"надихал",1
"надсилают",1
"надскладн",1
"надход",1
"наді",1
"надійн",1
"надійност",1
"надіслан",1
"нажив",1
"наздогн",1
"найважливіш",1
"найвищ",1
"найграмотніш",1
"найдрібніш",1
"найдієвіш",1
"наймолодш",1
"найнеобхідніш",1
"найновіш",1
"найпростіш",1
"найрізноманітніш",1
"найстарш",1
"найсучасніш",1
"найулюбленіш",1
"накалініченк",1
"накопичувач",1
"налагодит",1
"належ",1
"наліч",1
"налічуєт",1
"намагаюч",1
"намалю",1
"намалюв",1
"намір",1
"намітил",1
"нан",1
"наночастинок",1
"наочн",1
"наочност",1
"написан",1
"наповнюв",1
"наповнювал",1
"наповнюваніст",1
"наполегливост",1
"наполегливіст",1
"напрацьовув",1
"напрацюван",1
"напруженн",1
"напівпрозор",1
"нарад",1
"наратив",1
"нарахов",1
"нарисн",1
"наробк",1
"наробок",1
"наррикінц",1
"наскрізн",1
"насолод",1
"насолоджув",1
"насолодит",1
"насправд",1
"наставник",1
"настанов",1
"наступност",1
"настусенк",1
"настільк",1
"насьогодн",1
"натоміст",1
"науковец",1
"наукововидавнич",1
"науковогоінноваційн",1
"науководослідч",1
"науковопопулярн",1
"науковоприроднич",1
"науковотеоретичн",1
"науковоінформаційн",1
"наум",1
"наурок",1
"націлю",1
"начал",1
"начальниц",1
"начальнице",1
"нашвидкуруч",1
"нвк",1
"нвр",1
"неабик",1
"небайдужіст",1
"невдал",1
"невизначеност",1
"невід",1
"недоброчесніст",1
"недостатн",1
"незайв",1
"незалежніст",1
"незвичайн",1
"незвичн",1
"незламніст",1
"нелінійн",1
"неминуч",1
"ненавмисн",1
"необовязков",1
"неодноразов",1
"неординарн",1
"неофіційн",1
"неперевершен",1
"непередбачуван",1
"неповторніст",1
"непоган",1
"непомітн",1
"непотрібн",1
"нераціональн",1
"несвідомін",1
"несправедлив",1
"несторенк",1
"несут",1
"нетипов",1
"нетрадиційн",1
"неукраїнськ",1
"неча",1
"нещасн",1
"нив",1
"ниткограф",1
"нмироненк",1
"нмк",1
"ннсгб",1
"новац",1
"новгородк",1
"новинк",1
"новомиргород",1
"новоросійськ",1
"новіков",1
"номінант",1
"нопасічник",1
"нормальн",1
"нормалізац",1
"нормалізаці",1
"нормативн",1
"нормативноправ",1
"нос",1
"носил",1
"носит",1
"носк",1
"нудн",1
"нул",1
"ньюйорк",1
"нюан",1
"нівелюв",1
"нівелюванн",1
"ніжинськ",1
"ніжніст",1
"ніжок",1
"нікішин",1
"нін",1
"нінел",1
"нітрат",1
"ніщеменк",1
"оабрам",1
"обʼєкт",1
"обʼєктивн",1
"обвідн",1
"обговорит",1
"обговорюют",1
"обгрунтовуюч",1
"обгрунтуванн",1
"обдарован",1
"обезрозмірюванн",1
"обер",1
"обладнан",1
"облаштован",1
"облдержадміністраці",1
"облік",1
"обмеженост",1
"обмінюв",1
"обожню",1
"оборонц",1
"образотворч",1
"обрал",1
"оброблен",1
"обробленн",1
"обробц",1
"обслуговуванн",1
"обслуговуюч",1
"обставин",1
"обстановц",1
"обстеженн",1
"обстріл",1
"обсяз",1
"обєктивност",1
"обід",1
"обґрунтован",1
"обґрунтовув",1
"обґрунтув",1
"оволодівают",1
"оволодінн",1
"оврєзін",1
"овтерещенк",1
"огл",1
"оглядаюч",1
"оголошуют",1
"оголошуєм",1
"одержан",1
"одержанн",1
"одногрупник",1
"однозначн",1
"одраз",1
"одягну",1
"ожил",1
"озвучен",1
"оздоблен",1
"оздобленн",1
"ознайомлюв",1
"ознайомлюют",1
"ознайомч",1
"означ",1
"означал",1
"озон",1
"окривонос",1
"окупант",1
"окупаці",1
"олегівн",1
"олександрович",1
"олександровн",1
"олексіївськ",1
"ольз",1
"олімпіадн",1
"оминул",1
"омріян",1
"омцаренк",1
"онла",1
"онлайнзагроз",1
"онлайнзасоб",1
"онлайнконференц",1
"онлайнкур",1
"онлайнмагазин",1
"онлайнматері",1
"онлайнов",1
"онлайносвіт",1
"онлайнсервісівнаголошен",1
"онлайнсимуляц",1
"онлайнінструмент",1
"онлайнінтенсив",1
"оновлюв",1
"онойк",1
"оочінч",1
"опанован",1
"опановуют",1
"оперативн",1
"оператормашин",1
"опис",1
"описал",1
"описан",1
"описанн",1
"оплеск",1
"опмакарчук",1
"опор",1
"опорн",1
"оприлюднен",1
"оптимізм",1
"оптимістичн",1
"оптичн",1
"опуляк",1
"опікун",1
"орбіт",1
"орбітальн",1
"організаторк",1
"організаційнопедагогічн",1
"організаційноуправлінськ",1
"організувал",1
"орд",1
"оригінальност",1
"оригінальніст",1
"оришечк",1
"орк",1
"орієнтован",1
"освоєн",1
"освітапедагогік",1
"освітацифр",1
"освітит",1
"освітленост",1
"освітлю",1
"освітньонаук",1
"освічен",1
"осколк",1
"остап",1
"остенд",1
"осєгор",1
"отп",1
"отримаєт",1
"отримуют",1
"отримуєм",1
"оформит",1
"оформлен",1
"оформля",1
"охар",1
"охарактеризуєм",1
"охопит",1
"охоплен",1
"охоплювал",1
"охоплюют",1
"оцифрован",1
"оцінит",1
"оцінц",1
"очевидн",1
"очевидц",1
"очистяк",1
"очищ",1
"очок",1
"очолюван",1
"очікуван",1
"очікуванн",1
"очікуют",1
"ощирбул",1
"павутинк",1
"павільйон",1
"палеозоологине",1
"палеозоологі",1
"паливод",1
"памятайт",1
"памятаюч",1
"памятн",1
"панасенк",1
"пандеміє",1
"панікуют",1
"пап",1
"папер",1
"паращукшон",1
"парламент",1
"парт",1
"пасивн",1
"пасхалі",1
"патрульн",1
"патріот",1
"педагогоморганізатор",1
"педагогівпрактик",1
"педагогіц",1
"первозванівськ",1
"перебувал",1
"перебуванн",1
"переважн",1
"переведем",1
"перевил",1
"переводим",1
"перевтіленн",1
"перевірил",1
"перевіряют",1
"перегляну",1
"переглянул",1
"переговор",1
"перегон",1
"передав",1
"передадут",1
"передан",1
"передаст",1
"передач",1
"передаче",1
"передвиборч",1
"передн",1
"передув",1
"передумов",1
"пережив",1
"переживают",1
"переживаєм",1
"пережит",1
"перейм",1
"перейн",1
"перейт",1
"перекладацьк",1
"перекладачк",1
"переконуєм",1
"перемаг",1
"переміг",1
"перемістил",1
"перемістит",1
"перенесенн",1
"переносит",1
"переосмисленн",1
"перепон",1
"перепохованн",1
"перепідготовк",1
"перерв",1
"переробн",1
"переріс",1
"пересад",1
"пересвідчит",1
"пересиланн",1
"пересуванн",1
"пересунут",1
"перетвор",1
"перетворен",1
"перетворююч",1
"перетин",1
"перетн",1
"переходит",1
"перехоп",1
"переяслав",1
"перлин",1
"персиков",1
"персонаж",1
"персоналі",1
"перспективніст",1
"перчунівськ",1
"першіст",1
"петербург",1
"пз",1
"пивовар",1
"пилипак",1
"питаннямиіндикатор",1
"пич",1
"пиш",1
"пишают",1
"пишем",1
"пк",1
"плавност",1
"плавніст",1
"плакат",1
"планув",1
"плануют",1
"планіметр",1
"пластик",1
"пластмас",1
"платн",1
"пленерн",1
"плетенн",1
"плинніст",1
"плод",1
"плодов",1
"площ",1
"площе",1
"плям",1
"пн",1
"пнм",1
"пнмн",1
"поб",1
"побажаєм",1
"побудован",1
"побудув",1
"побужж",1
"побутов",1
"побутуванн",1
"поваг",1
"повернул",1
"повернут",1
"повертаєт",1
"повинен",1
"повноцінн",1
"поводит",1
"повторювальн",1
"повірит",1
"поглиб",1
"поглиблюют",1
"поговорим",1
"поговорит",1
"погодн",1
"погр",1
"погіршув",1
"подав",1
"подаватид",1
"подальшоїдискусіїстудент",1
"подальшуспівпрац",1
"поданн",1
"подарувал",1
"подарунок",1
"подискутув",1
"подобаєт",1
"подовженн",1
"подоланн",1
"подякувал",1
"поділен",1
"подіє",1
"поетреволюціонердемократ",1
"пожвавлен",1
"пожеж",1
"пожежовибухонебезпечн",1
"пожежогасінн",1
"позаурочн",1
"позбавля",1
"поздоровляєм",1
"позик",1
"позиціонуванн",1
"познайом",1
"познан",1
"позначаєт",1
"позначил",1
"показан",1
"показувал",1
"показуюч",1
"поклик",1
"покращ",1
"покращуют",1
"покроков",1
"покупок",1
"полежа",1
"полемік",1
"положен",1
"полтав",1
"полунчук",1
"полягают",1
"поліпшил",1
"політик",1
"політичн",1
"поліціє",1
"поліщук",1
"помилув",1
"поміркован",1
"понов",1
"пономар",1
"поп",1
"попереджают",1
"попередженн",1
"поперш",1
"попит",1
"поповнюв",1
"поподорожув",1
"попросил",1
"популярн",1
"популярност",1
"популярніст",1
"порадил",1
"поринут",1
"портфолі",1
"порушил",1
"порушув",1
"порядк",1
"порядок",1
"порівнюв",1
"порівнююч",1
"поріг",1
"пос",1
"посилан",1
"посиланняhttpsonixteamанастас",1
"посиленн",1
"посип",1
"посланн",1
"послугувал",1
"посольств",1
"посп",1
"посприял",1
"поспілкувал",1
"поспішайт",1
"поставленн",1
"постановк",1
"постредагуванн",1
"поступ",1
"поступаєт",1
"поступов",1
"посідаєм",1
"потенційн",1
"поток",1
"потоц",1
"потрап",1
"потрібен",1
"потужн",1
"потік",1
"походженн",1
"поцікавил",1
"почерпнут",1
"почин",1
"починал",1
"почнем",1
"пошаров",1
"поширюв",1
"пошиют",1
"пошукувач",1
"поясненн",1
"пояснит",1
"поєдинк",1
"правд",1
"правоохоронн",1
"правосудд",1
"прагн",1
"прагнут",1
"практикант",1
"практикозорієнтован",1
"практикоорієнтован",1
"практикув",1
"практикум",1
"прапор",1
"прапорец",1
"працевлаштовуют",1
"працелюбн",1
"працювал",1
"працюєм",1
"предметноінтегративн",1
"представит",1
"представленн",1
"представниц",1
"представнице",1
"предстален",1
"предявленн",1
"презент",1
"презентува",1
"претендент",1
"прецесіє",1
"приблизн",1
"прибу",1
"приваблив",1
"приватн",1
"приверненн",1
"приверт",1
"привест",1
"привод",1
"привязан",1
"привідн",1
"привіле",1
"привітальн",1
"пригощ",1
"придбан",1
"приділ",1
"приділил",1
"приземн",1
"призерк",1
"признач",1
"призов",1
"приймают",1
"прийняв",1
"прийш",1
"прикладут",1
"приклал",1
"прикріпит",1
"прикріплен",1
"принес",1
"природничонаук",1
"природознавц",1
"прискоренн",1
"притягнен",1
"прихистк",1
"приховув",1
"приход",1
"причетн",1
"приєднал",1
"приєднув",1
"проактивн",1
"провадженн",1
"проводим",1
"провокуют",1
"прові",1
"прогноз",1
"прогнозуют",1
"проголосув",1
"програмув",1
"прогрес",1
"прогресивн",1
"продиктован",1
"продовжен",1
"продукув",1
"продуман",1
"проектнодослідницьк",1
"проекц",1
"проживанн",1
"прожит",1
"прозвуч",1
"прозоріст",1
"пройд",1
"прокач",1
"прокинут",1
"прокоментувал",1
"прокопец",1
"прокофєв",1
"пром",1
"промисл",1
"промисловіст",1
"проміжн",1
"пропозиціє",1
"пропонувал",1
"пропонуют",1
"пропонуєт",1
"пропуск",1
"пропустит",1
"пророблен",1
"просвіт",1
"просвітницьк",1
"просвітницькопрофорієнтаційн",1
"прослідкув",1
"простіш",1
"просін",1
"протест",1
"протидимн",1
"протипожежн",1
"прототип",1
"протіканн",1
"професійнозначущ",1
"професійнотеоретичн",1
"професіональн",1
"професіоналівпрактик",1
"професіє",1
"профорієнтац",1
"профорієнтаці",1
"профорієнтуванн",1
"профілактик",1
"проходит",1
"процюк",1
"прочитан",1
"прош",1
"проявил",1
"проявит",1
"проявл",1
"проєктнотехнологічн",1
"проєкттрипт",1
"проєктув",1
"проєктуповязан",1
"прядун",1
"пряж",1
"прізвищ",1
"психол",1
"психопортрет",1
"птах",1
"птнз",1
"птух",1
"публікаціє",1
"публікуватимем",1
"публіцистик",1
"пульт",1
"пункт",1
"пурпуров",1
"пют",1
"пятер",1
"піб",1
"південноукраїнськ",1
"півдн",1
"півтор",1
"підбир",1
"підведенн",1
"підвищуют",1
"підводн",1
"підготовил",1
"підгрунт",1
"підгруп",1
"підключен",1
"підключенн",1
"підкорюв",1
"підкресл",1
"підкресленн",1
"підкреслю",1
"підлітк",1
"підн",1
"піднесенн",1
"піднят",1
"підпис",1
"підписк",1
"підпорядковув",1
"підпорядкуванн",1
"підприємц",1
"підраховув",1
"підробк",1
"підряд",1
"підсилит",1
"підсилю",1
"підсумув",1
"підтвердил",1
"підтриман",1
"підтриманн",1
"підтримуюч",1
"підтримц",1
"підут",1
"підібр",1
"підґрунт",1
"пізнав",1
"пізнаєм",1
"пік",1
"піклуванн",1
"піксел",1
"пільгов",1
"пінгвін",1
"пінгпонг",1
"пінчук",1
"піп",1
"пісне",1
"піц",1
"раваруськ",1
"раділ",1
"радіоведуч",1
"радісн",1
"разов",1
"районн",1
"ракет",1
"ральф",1
"ранн",1
"растригін",1
"рафєєв",1
"рахунк",1
"рахуюч",1
"рахівниц",1
"раціональн",1
"раціоналізаторств",1
"рашамастерс",1
"реабілітаці",1
"реактив",1
"реактор",1
"реаліз",1
"реалізаціє",1
"реалізовувал",1
"реалізовуєм",1
"реалізуєт",1
"ребус",1
"регулюют",1
"редаг",1
"редагуванн",1
"редакторк",1
"реж",1
"резонанс",1
"резюмуюч",1
"реквізит",1
"рекоменд",1
"рекомендац",1
"рекомендуєм",1
"рекреац",1
"рекреаційн",1
"ректорат",1
"релаксув",1
"релевантност",1
"релевантніст",1
"реляційн",1
"релігі",1
"рем",1
"ремесел",1
"ремесл",1
"репетиці",1
"репрезентативност",1
"ресторац",1
"ресурсищодопомагают",1
"ресурсн",1
"ретельн",1
"ретрообраз",1
"рефлексивн",1
"рефлексув",1
"рефлексі",1
"рехман",1
"рецензент",1
"рецензуванн",1
"рецепт",1
"рецептур",1
"реченн",1
"рештк",1
"реінкарнац",1
"ри",1
"рибкін",1
"ризьк",1
"римськ",1
"ринков",1
"ритейл",1
"ритмічніст",1
"роберт",1
"робил",1
"роботладиф",1
"роботоплатформ",1
"роботчистильщик",1
"рогач",1
"родинн",1
"родіон",1
"рожев",1
"рожевоцвіт",1
"розбуд",1
"розбудов",1
"розважил",1
"розвивают",1
"розвиваєт",1
"розвинен",1
"розвідок",1
"розвінчан",1
"розглядатимут",1
"розглянув",1
"розгублен",1
"розд",1
"роздав",1
"розділил",1
"роздільн",1
"розказал",1
"розказув",1
"розклад",1
"розкопк",1
"розкрилан",1
"розливанн",1
"розм",1
"розмінуванн",1
"розмітк",1
"розповсюджув",1
"розпові",1
"розповідал",1
"розповідают",1
"розподіл",1
"розпорошен",1
"розпорядк",1
"розпоча",1
"розпочат",1
"розпочн",1
"розпочнет",1
"розрив",1
"розроб",1
"розробляв",1
"розробок",1
"розрізн",1
"розслабит",1
"розташуванн",1
"розумов",1
"розхідн",1
"розширенн",1
"розширил",1
"розширю",1
"розігр",1
"розім",1
"ромасевич",1
"рос",1
"росток",1
"росіє",1
"роутер",1
"рубл",1
"ружил",1
"руйнуванн",1
"руйнуюч",1
"рур",1
"рус",1
"руханц",1
"рухов",1
"рухом",1
"ручн",1
"рф",1
"рябц",1
"рівноваг",1
"рівноправност",1
"різниц",1
"різнокольор",1
"різноманітніст",1
"різноманітт",1
"різнотип",1
"річ",1
"річч",1
"са",1
"савченк",1
"садовийт",1
"сакур",1
"сальт",1
"самоактуалізаці",1
"самовдосконаленн",1
"самовихованн",1
"самойленк",1
"самореалізаці",1
"саморозвитк",1
"самоудосконалюв",1
"санітарн",1
"сапр",1
"сапроненк",1
"святк",1
"святков",1
"святкуєт",1
"свідк",1
"свідоцтв",1
"свідч",1
"свідченн",1
"свідчил",1
"світанок",1
"світил",1
"світлин",1
"світличн",1
"світорад",1
"світосприйнятт",1
"світськ",1
"сегрегац",1
"сегрегаці",1
"сезон",1
"сезонн",1
"секрет",1
"сексуальн",1
"сектор",1
"сел",1
"селекц",1
"селекці",1
"селищ",1
"семенц",1
"семенюк",1
"семиповерхов",1
"сенек",1
"сераф",1
"сервер",1
"сергі",1
"сердец",1
"серифік",1
"серйозн",1
"серпн",1
"серпнявересн",1
"сертифікатн",1
"сертифікаці",1
"сертифікаційн",1
"сертифікован",1
"сесі",1
"сигн",1
"сигнал",1
"симбіоз",1
"символьн",1
"символіз",1
"символік",1
"синергі",1
"синергіє",1
"синтез",1
"синьковицьк",1
"синьожовт",1
"систематизатор",1
"систематизаці",1
"ситуаціє",1
"сичік",1
"ск",1
"скандальн",1
"скасован",1
"скбд",1
"скелелазінн",1
"скелет",1
"скла",1
"складают",1
"складен",1
"складнощ",1
"складніст",1
"складніш",1
"складськ",1
"склян",1
"сковород",1
"сконструйован",1
"сконструюв",1
"скор",1
"скорегув",1
"скорист",1
"скористал",1
"скорозвон",1
"скрам",1
"скриньк",1
"скрипник",1
"скрипц",1
"скуштув",1
"скіфськ",1
"слабк",1
"слив",1
"слоган",1
"слуг",1
"слукаш",1
"слухачк",1
"слушн",1
"слівасоціац",1
"слідк",1
"слідуванн",1
"смаколик",1
"смакув",1
"смерт",1
"сметан",1
"сметанк",1
"сметанн",1
"смт",1
"смілив",1
"сніжинк",1
"со",1
"собак",1
"совєт",1
"сок",1
"соколівськ",1
"сокіл",1
"солодощ",1
"солом",1
"соломон",1
"сонечк",1
"соромил",1
"сорочан",1
"сортуванн",1
"сортуют",1
"сотнік",1
"софі",1
"соціальнопобутов",1
"соціальноповедінков",1
"соціальнотрудов",1
"соціологі",1
"сошенк",1
"союз",1
"союзник",1
"специфічн",1
"спецшкол",1
"спеціалізован",1
"сплачуют",1
"сплив",1
"спогляд",1
"спокус",1
"сполук",1
"спонсорськ",1
"спонук",1
"спортсмен",1
"спостережен",1
"спостережливіст",1
"справил",1
"справл",1
"сприйм",1
"сприйнял",1
"сприйнятт",1
"спричинен",1
"сприятлив",1
"сприяюч",1
"спробуйт",1
"спрощуют",1
"спроєктован",1
"спрямованіст",1
"спів",1
"співбесід",1
"співдружніст",1
"співзасновниккерівн",1
"співмірн",1
"співорганізаці",1
"співп",1
"співпрацюв",1
"співпрацюєм",1
"співучаст",1
"спідлкуванн",1
"спізн",1
"спікерц",1
"спілк",1
"спілкуют",1
"срябц",1
"стабілізаціє",1
"став",1
"ставим",1
"стаді",1
"стажуван",1
"станет",1
"станці",1
"станіслав",1
"стар",1
"старанн",1
"старанніст",1
"старовинн",1
"стартув",1
"старухін",1
"статут",1
"стаціонарн",1
"стверджув",1
"створим",1
"створювал",1
"створюван",1
"створюєм",1
"стенд",1
"степаненк",1
"степанович",1
"стереометр",1
"стец",1
"стешенк",1
"стилістк",1
"стимул",1
"стимулю",1
"стипенді",1
"стисл",1
"сто",1
"стовпц",1
"стовпцев",1
"стойк",1
"столичн",1
"стосув",1
"стосуют",1
"стоїт",1
"стратегіє",1
"стратифікаці",1
"стратифікован",1
"страшн",1
"стресостійкост",1
"стримінг",1
"строг",1
"структурнофункціональн",1
"струнк",1
"стрі",1
"стріч",1
"студентамимагістрант",1
"студентамматематик",1
"студентамменеджер",1
"студентампершокурсник",1
"студентвчител",1
"студентивчител",1
"студентимагістрант",1
"студентиматематик",1
"студентипрактикант",1
"студентипредставник",1
"студентифмпнт",1
"студенттретьокурсник",1
"студентц",1
"студентівпершокурсник",1
"студкуратор",1
"ступін",1
"стурбованіст",1
"стібок",1
"суботц",1
"суботцівськ",1
"субєкт",1
"сувенір",1
"судде",1
"сукон",1
"сумлінн",1
"сумлінніст",1
"суміжн",1
"сумісн",1
"сумісніст",1
"супостат",1
"супроводжувал",1
"сурінат",1
"суспенз",1
"сут",1
"сухачк",1
"сучаснихумов",1
"сферахз",1
"сформувал",1
"сформулювал",1
"схарактеризован",1
"схвалил",1
"схематичн",1
"сходинк",1
"сценк",1
"сценічн",1
"сюрприз",1
"сєвєродонецьк",1
"сіг",1
"сікор",1
"сікірніцьк",1
"сімейн",1
"сімейств",1
"сінет",1
"сінокоп",1
"сіп",1
"сіст",1
"січ",1
"тγ",1
"тамар",1
"танк",1
"танок",1
"танц",1
"танцюв",1
"танцювальн",1
"таровик",1
"тацифров",1
"таємничост",1
"тваринн",1
"тверд",1
"твкуценк",1
"твлп",1
"твір",1
"тгшевченк",1
"тдв",1
"тейлор",1
"тек",1
"текстил",1
"тел",1
"телебаченн",1
"телевізор",1
"телеграм",1
"телефонуют",1
"темн",1
"теоретикометодологічн",1
"теперішн",1
"терабайт",1
"терас",1
"терен",1
"терещенк",1
"територ",1
"термометр",1
"термоядерн",1
"термінологічн",1
"терміносфер",1
"тернопільськ",1
"терпак",1
"терраконд",1
"тестув",1
"тетере",1
"техлід",1
"техногенн",1
"технології",1
"техпідтримк",1
"тис",1
"тлумаченн",1
"тн",1
"товарознавств",1
"токарєв",1
"толубк",1
"тон",1
"тональност",1
"тонк",1
"топ",1
"топол",1
"торгівельн",1
"тортик",1
"точност",1
"точніст",1
"тп",1
"травм",1
"травян",1
"трагеді",1
"транспорт",1
"траєктор",1
"трен",1
"тренерконсультант",1
"тренувальн",1
"тренуванн",1
"третин",1
"третинн",1
"тривимірн",1
"триколісн",1
"трипт",1
"троф",1
"трошкін",1
"трьохосьов",1
"тупчієнк",1
"туроператор",1
"туртурік",1
"тусовщик",1
"тягают",1
"тятян",1
"тєльн",1
"тік",1
"тіхон",1
"уайт",1
"убезпеченн",1
"убор",1
"уважн",1
"увест",1
"увечер",1
"увійш",1
"угорщин",1
"удвіч",1
"удосконален",1
"удосконалит",1
"ужгородськ",1
"ужитков",1
"узагальн",1
"узагальнит",1
"узгоджен",1
"узгодженн",1
"узял",1
"указ",1
"укладен",1
"укра",1
"українк",1
"українств",1
"українськоєвропейськ",1
"укрит",1
"уламк",1
"ультразвуков",1
"уман",1
"умовн",1
"унеможливленн",1
"унинішн",1
"унік",1
"унікальност",1
"уособлю",1
"упереджен",1
"уподобан",1
"управл",1
"управляєт",1
"управлінськ",1
"управлінц",1
"упроваджув",1
"упроваджуют",1
"урочистост",1
"уряд",1
"урізноманітнил",1
"усвідомлюв",1
"установк",1
"установлен",1
"установч",1
"устаткуванн",1
"устенк",1
"усубян",1
"утвердженн",1
"утворен",1
"утилізац",1
"утрим",1
"учительметодист",1
"учительськ",1
"учнямвипускник",1
"учнівслухач",1
"учнівучасник",1
"учніслухач",1
"уявляєм",1
"фаз",1
"файлов",1
"фактичн",1
"факультетськ",1
"фальк",1
"фандрейзер",1
"фантазуванн",1
"фасилітаці",1
"фаур",1
"фахівец",1
"фахівцівменеджер",1
"федерац",1
"федоренк",1
"фейк",1
"фейков",1
"фемінізм",1
"феномен",1
"флагман",1
"флешпамятт",1
"флорінськ",1
"фмпн",1
"фокальн",1
"фокусуванн",1
"фон",1
"фонов",1
"фоп",1
"формац",1
"форминалагодженн",1
"формув",1
"формул",1
"формуют",1
"формуєт",1
"форсмажорн",1
"фортечн",1
"фотографі",1
"фотоматері",1
"фотосес",1
"фраз",1
"фредерік",1
"фреймворк",1
"фундаментальн",1
"фундац",1
"функціонуют",1
"фігур",1
"фізикоастрономічн",1
"фізикогеографічн",1
"фізикотехнологічн",1
"фізкультхвилинк",1
"фізмат",1
"фізматівськ",1
"фізматівц",1
"фізіолог",1
"філер",1
"філоненк",1
"філософськ",1
"філі",1
"фінал",1
"фіналіст",1
"фіналістк",1
"фінансуєт",1
"фінішув",1
"фішонг",1
"хабарництв",1
"хавеманн",1
"хайкс",1
"хакатон",1
"халецьк",1
"хвилин",1
"хвилю",1
"хвилюв",1
"хвилюванн",1
"херсонськ",1
"хибн",1
"хлан",1
"холоднеч",1
"хочем",1
"християнств",1
"хх",1
"хіі",1
"царин",1
"цивільн",1
"цимбал",1
"цин",1
"циркул",1
"цитуєм",1
"цумарєв",1
"цьогоріч",1
"цікавинок",1
"цілеспрямован",1
"ціннісн",1
"цінніснокомпетентністн",1
"ціперк",1
"чал",1
"чарн",1
"часопис",1
"частак",1
"частк",1
"частков",1
"чаюв",1
"чаюванн",1
"чекал",1
"чекатимем",1
"чеклист",1
"чемпіон",1
"червен",1
"червонокнижн",1
"чергуванн",1
"чередніченк",1
"чернівецьк",1
"чесност",1
"четвер",1
"четвертинн",1
"чехі",1
"чимал",1
"чинн",1
"чинніст",1
"чист",1
"чистіш",1
"читач",1
"членкине",1
"членкореспондент",1
"чоловік",1
"чоловіч",1
"чорноліськ",1
"чотирм",1
"чпу",1
"чубар",1
"чубчик",1
"чугаєвськ",1
"чудесн",1
"чулков",1
"чут",1
"чухн",1
"чуєм",1
"чінчо",1
"чіпляк",1
"шан",1
"шанс",1
"шапц",1
"шахов",1
"шашк",1
"швец",1
"швидкост",1
"швидкіст",1
"шедевр",1
"шепіт",1
"шерстюк",1
"шестерн",1
"шил",1
"шиняєв",1
"шиют",1
"шкарпетк",1
"шквал",1
"шкод",1
"школенк",1
"школисім",1
"шкір",1
"шматочк",1
"шо",1
"шолудьк",1
"шоудефіл",1
"шоурум",1
"штраф",1
"штук",1
"щаслив",1
"щаст",1
"щвєжавськ",1
"щедріст",1
"щелеп",1
"щоденн",1
"щопятниц",1
"щораз",1
"щорічн",1
"юнак",1
"юнацтв",1
"юристк",1
"ююонойк",1
"яблук",1
"ягелонськ",1
"якнайшвидш",1
"яковенк",1
"якович",1
"якуб",1
"янукович",1
"яремчук",1
"яреськ",1
"ярославович",1
"яскравост",1
"яценк",1
"єад",1
"євгеніє",1
"євраз",1
"європейц",1
"європеїзован",1
"єгипт",1
"єж",1
"єлис",1
"єльк",1
"ємельянов",1
"єюсобол",1
"іi",1
"івидатн",1
"івлупан",1
"ігключник",1
"іграшк",1
"ігров",1
"ідентифікаціє",1
"ідентифікув",1
"ідентичност",1
"ідеологічн",1
"ілон",1
"ільдефранс",1
"ілюстраці",1
"ілюстрован",1
"імввинниченк",1
"імерсивн",1
"іммануїл",1
"імператорськ",1
"імпері",1
"імпортуватиекспортув",1
"імєймухін",1
"імідж",1
"імітуют",1
"інгредієнт",1
"індивід",1
"індустрі",1
"інженерамивинахідник",1
"інженерамиробототехнік",1
"інженернопедагогічн",1
"інженернотехнічн",1
"інжиніринг",1
"інклюзі",1
"інновативніст",1
"інноватор",1
"інспірац",1
"інструментальн",1
"інтеграційн",1
"інтегруюч",1
"інтерактивформат",1
"інтеракці",1
"інтерв",1
"інтерн",1
"інтернат",1
"інтернаціоналізаці",1
"інтернетконференц",1
"інтернетплатформ",1
"інтернетсайт",1
"інтерпретац",1
"інфопростор",1
"інформаційнокомунікативн",1
"інформаційнотелекомунікаційн",1
"інформаційнотехнологічн",1
"інформаційноцифров",1
"інформув",1
"інформуєм",1
"інфраструктур",1
"ініціат",1
"ініціювал",1
"іпкраснощок",1
"ірпінськ",1
"ірх",1
"іскм",1
"існуюч",1
"іспані",1
"істб",1
"історикобібліографічн",1
"історикобіографічн",1
"історіописанн",1
"ітпрофес",1
"ітпроєкт",1
"ітринк",1
"іттехнологі",1
"ітшн",1
"ітшнік",1
"іііг",1
"іііі",1
"ґендерн",1
"ґрунт",1
"ґрунтувал",1
